source,source_asset,page_family,block_tab,metric,population,condition,time_window,unit,measurement_type,match_generation_role,correlation_group,draw_relation,semantic_status,oof_status,usage_status,production_weight,notes
FOOTYSTATS,data/analysis/footystats_toto1654_feature_semantic_v04.csv,SEMANTIC_V04,UNRESOLVED,venue_home_xg,FIXTURE_HOME_TEAM_HOME_VENUE,HOME_VENUE,SEASON_CURRENT_SNAPSHOT,XG_PER_MATCH,SOURCE_MEASURED,GOAL_EXPECTANCY,XG_FAMILY,UNRESOLVED,PARTIAL_EXISTING_SEMANTIC,REVIEW_EXISTING_LINEAGE,RESEARCH_ONLY,0,Do not infer production usability from presence in semantic v04.
FOOTYSTATS,data/analysis/footystats_toto1654_feature_semantic_v04.csv,SEMANTIC_V04,UNRESOLVED,venue_away_xg,FIXTURE_AWAY_TEAM_AWAY_VENUE,AWAY_VENUE,SEASON_CURRENT_SNAPSHOT,XG_PER_MATCH,SOURCE_MEASURED,GOAL_EXPECTANCY,XG_FAMILY,UNRESOLVED,PARTIAL_EXISTING_SEMANTIC,REVIEW_EXISTING_LINEAGE,RESEARCH_ONLY,0,Do not infer production usability from presence in semantic v04.
FOOTYSTATS,data/analysis/footystats_toto1654_feature_semantic_v04.csv,SEMANTIC_V04,UNRESOLVED,venue_xg_edge,MATCH_TEAM_PAIR_VENUE_BASE,HOME_VS_AWAY_VENUE,SEASON_CURRENT_SNAPSHOT,XG_PER_MATCH_DIFFERENCE,DERIVED_EDGE,GOAL_EXPECTANCY,XG_FAMILY,UNRESOLVED,PARTIAL_EXISTING_SEMANTIC,REVIEW_EXISTING_LINEAGE,RESEARCH_ONLY,0,Do not infer production usability from presence in semantic v04.
FOOTYSTATS,data/analysis/footystats_toto1654_feature_semantic_v04.csv,SEMANTIC_V04,UNRESOLVED,venue_xg_side,MATCH_TEAM_PAIR_VENUE_BASE,HOME_VS_AWAY_VENUE,SEASON_CURRENT_SNAPSHOT,CATEGORICAL_SIDE_LABEL,DERIVED_SEMANTIC_LABEL,GOAL_EXPECTANCY,XG_FAMILY,UNRESOLVED,PARTIAL_EXISTING_SEMANTIC,REVIEW_EXISTING_LINEAGE,RESEARCH_ONLY,0,Do not infer production usability from presence in semantic v04.
FOOTYSTATS,data/analysis/footystats_toto1654_feature_semantic_v04.csv,SEMANTIC_V04,UNRESOLVED,venue_home_xga,FIXTURE_HOME_TEAM_HOME_VENUE,HOME_VENUE,SEASON_CURRENT_SNAPSHOT,XG_PER_MATCH,SOURCE_MEASURED,GOAL_EXPECTANCY,XG_FAMILY,UNRESOLVED,PARTIAL_EXISTING_SEMANTIC,REVIEW_EXISTING_LINEAGE,RESEARCH_ONLY,0,Do not infer production usability from presence in semantic v04.
FOOTYSTATS,data/analysis/footystats_toto1654_feature_semantic_v04.csv,SEMANTIC_V04,UNRESOLVED,venue_away_xga,FIXTURE_AWAY_TEAM_AWAY_VENUE,AWAY_VENUE,SEASON_CURRENT_SNAPSHOT,XG_PER_MATCH,SOURCE_MEASURED,GOAL_EXPECTANCY,XG_FAMILY,UNRESOLVED,PARTIAL_EXISTING_SEMANTIC,REVIEW_EXISTING_LINEAGE,RESEARCH_ONLY,0,Do not infer production usability from presence in semantic v04.
FOOTYSTATS,data/analysis/footystats_toto1654_feature_semantic_v04.csv,SEMANTIC_V04,UNRESOLVED,venue_xga_def_edge,MATCH_TEAM_PAIR_VENUE_BASE,HOME_VS_AWAY_VENUE,SEASON_CURRENT_SNAPSHOT,XG_PER_MATCH_DIFFERENCE,DERIVED_EDGE,GOAL_EXPECTANCY,XG_FAMILY,UNRESOLVED,PARTIAL_EXISTING_SEMANTIC,REVIEW_EXISTING_LINEAGE,RESEARCH_ONLY,0,Do not infer production usability from presence in semantic v04.
FOOTYSTATS,data/analysis/footystats_toto1654_feature_semantic_v04.csv,SEMANTIC_V04,UNRESOLVED,venue_xga_def_side,MATCH_TEAM_PAIR_VENUE_BASE,HOME_VS_AWAY_VENUE,SEASON_CURRENT_SNAPSHOT,CATEGORICAL_SIDE_LABEL,DERIVED_SEMANTIC_LABEL,GOAL_EXPECTANCY,XG_FAMILY,UNRESOLVED,PARTIAL_EXISTING_SEMANTIC,REVIEW_EXISTING_LINEAGE,RESEARCH_ONLY,0,Do not infer production usability from presence in semantic v04.
FOOTYSTATS,data/analysis/footystats_toto1654_feature_semantic_v04.csv,SEMANTIC_V04,UNRESOLVED,home_form_ppg,FIXTURE_HOME_TEAM_HOME_VENUE,HOME_VENUE,SEASON_CURRENT_SNAPSHOT,POINTS_PER_GAME,SOURCE_MEASURED_OR_EXPLICIT_VENUE_ESTIMATE,TEAM_FORM_CONTEXT,FORM_FAMILY,UNRESOLVED,PARTIAL_EXISTING_SEMANTIC,REVIEW_EXISTING_LINEAGE,RESEARCH_ONLY,0,Do not infer production usability from presence in semantic v04.
FOOTYSTATS,data/analysis/footystats_toto1654_feature_semantic_v04.csv,SEMANTIC_V04,UNRESOLVED,away_form_ppg,FIXTURE_AWAY_TEAM_AWAY_VENUE,AWAY_VENUE,SEASON_CURRENT_SNAPSHOT,POINTS_PER_GAME,SOURCE_MEASURED_OR_EXPLICIT_VENUE_ESTIMATE,TEAM_FORM_CONTEXT,FORM_FAMILY,UNRESOLVED,PARTIAL_EXISTING_SEMANTIC,REVIEW_EXISTING_LINEAGE,RESEARCH_ONLY,0,Do not infer production usability from presence in semantic v04.
FOOTYSTATS,data/analysis/footystats_toto1654_feature_semantic_v04.csv,SEMANTIC_V04,UNRESOLVED,venue_form_edge,MATCH_TEAM_PAIR_VENUE_FORM,HOME_VS_AWAY_VENUE,SEASON_CURRENT_SNAPSHOT,POINTS_PER_GAME_DIFFERENCE,DERIVED_EDGE,TEAM_FORM_CONTEXT,FORM_FAMILY,UNRESOLVED,PARTIAL_EXISTING_SEMANTIC,REVIEW_EXISTING_LINEAGE,RESEARCH_ONLY,0,Do not infer production usability from presence in semantic v04.
FOOTYSTATS,data/analysis/footystats_toto1654_feature_semantic_v04.csv,SEMANTIC_V04,UNRESOLVED,venue_form_side,MATCH_TEAM_PAIR_VENUE_FORM,HOME_VS_AWAY_VENUE,SEASON_CURRENT_SNAPSHOT,CATEGORICAL_SIDE_LABEL,DERIVED_SEMANTIC_LABEL,TEAM_FORM_CONTEXT,FORM_FAMILY,UNRESOLVED,PARTIAL_EXISTING_SEMANTIC,REVIEW_EXISTING_LINEAGE,RESEARCH_ONLY,0,Do not infer production usability from presence in semantic v04.
FOOTYSTATS,data/analysis/footystats_toto1654_feature_semantic_v04.csv,SEMANTIC_V04,UNRESOLVED,home_form_source,FORM_VALUE_PROVENANCE,PROVENANCE,SEASON_CURRENT_SNAPSHOT,CATEGORICAL_PROVENANCE,PROVENANCE_CONTROL,TEAM_FORM_CONTEXT,FORM_FAMILY,UNRESOLVED,PARTIAL_EXISTING_SEMANTIC,REVIEW_EXISTING_LINEAGE,RESEARCH_ONLY,0,Do not infer production usability from presence in semantic v04.
FOOTYSTATS,data/analysis/footystats_toto1654_feature_semantic_v04.csv,SEMANTIC_V04,UNRESOLVED,away_form_source,FORM_VALUE_PROVENANCE,PROVENANCE,SEASON_CURRENT_SNAPSHOT,CATEGORICAL_PROVENANCE,PROVENANCE_CONTROL,TEAM_FORM_CONTEXT,FORM_FAMILY,UNRESOLVED,PARTIAL_EXISTING_SEMANTIC,REVIEW_EXISTING_LINEAGE,RESEARCH_ONLY,0,Do not infer production usability from presence in semantic v04.
FOOTYSTATS,data/analysis/footystats_toto1654_feature_semantic_v04.csv,SEMANTIC_V04,UNRESOLVED,ctx_home_shots,MATCH_H2H_COMPARISON_CONTEXT,MATCH_H2H_CONTEXT_NOT_VENUE_SPECIFIC,SEASON_CURRENT_SNAPSHOT,SHOTS_PER_MATCH,SOURCE_CONTEXT_VALUE,SHOT_GENERATION,SHOT_FAMILY,UNRESOLVED,PARTIAL_EXISTING_SEMANTIC,REVIEW_EXISTING_LINEAGE,RESEARCH_ONLY,0,Do not infer production usability from presence in semantic v04.
FOOTYSTATS,data/analysis/footystats_toto1654_feature_semantic_v04.csv,SEMANTIC_V04,UNRESOLVED,ctx_away_shots,MATCH_H2H_COMPARISON_CONTEXT,MATCH_H2H_CONTEXT_NOT_VENUE_SPECIFIC,SEASON_CURRENT_SNAPSHOT,SHOTS_PER_MATCH,SOURCE_CONTEXT_VALUE,SHOT_GENERATION,SHOT_FAMILY,UNRESOLVED,PARTIAL_EXISTING_SEMANTIC,REVIEW_EXISTING_LINEAGE,RESEARCH_ONLY,0,Do not infer production usability from presence in semantic v04.
FOOTYSTATS,data/analysis/footystats_toto1654_feature_semantic_v04.csv,SEMANTIC_V04,UNRESOLVED,ctx_shots_edge,MATCH_H2H_COMPARISON_CONTEXT,MATCH_H2H_CONTEXT_NOT_VENUE_SPECIFIC,SEASON_CURRENT_SNAPSHOT,SHOTS_PER_MATCH_DIFFERENCE,DERIVED_EDGE,SHOT_GENERATION,SHOT_FAMILY,UNRESOLVED,PARTIAL_EXISTING_SEMANTIC,REVIEW_EXISTING_LINEAGE,RESEARCH_ONLY,0,Do not infer production usability from presence in semantic v04.
FOOTYSTATS,data/analysis/footystats_toto1654_feature_semantic_v04.csv,SEMANTIC_V04,UNRESOLVED,ctx_home_sot,MATCH_H2H_COMPARISON_CONTEXT,MATCH_H2H_CONTEXT_NOT_VENUE_SPECIFIC,SEASON_CURRENT_SNAPSHOT,SHOTS_PER_MATCH,SOURCE_CONTEXT_VALUE,SHOT_GENERATION,SHOT_FAMILY,UNRESOLVED,PARTIAL_EXISTING_SEMANTIC,REVIEW_EXISTING_LINEAGE,RESEARCH_ONLY,0,Do not infer production usability from presence in semantic v04.
FOOTYSTATS,data/analysis/footystats_toto1654_feature_semantic_v04.csv,SEMANTIC_V04,UNRESOLVED,ctx_away_sot,MATCH_H2H_COMPARISON_CONTEXT,MATCH_H2H_CONTEXT_NOT_VENUE_SPECIFIC,SEASON_CURRENT_SNAPSHOT,SHOTS_PER_MATCH,SOURCE_CONTEXT_VALUE,SHOT_GENERATION,SHOT_FAMILY,UNRESOLVED,PARTIAL_EXISTING_SEMANTIC,REVIEW_EXISTING_LINEAGE,RESEARCH_ONLY,0,Do not infer production usability from presence in semantic v04.
FOOTYSTATS,data/analysis/footystats_toto1654_feature_semantic_v04.csv,SEMANTIC_V04,UNRESOLVED,ctx_sot_edge,MATCH_H2H_COMPARISON_CONTEXT,MATCH_H2H_CONTEXT_NOT_VENUE_SPECIFIC,SEASON_CURRENT_SNAPSHOT,SHOTS_PER_MATCH_DIFFERENCE,DERIVED_EDGE,SHOT_GENERATION,SHOT_FAMILY,UNRESOLVED,PARTIAL_EXISTING_SEMANTIC,REVIEW_EXISTING_LINEAGE,RESEARCH_ONLY,0,Do not infer production usability from presence in semantic v04.
FOOTYSTATS,data/analysis/footystats_toto1654_feature_semantic_v04.csv,SEMANTIC_V04,UNRESOLVED,ctx_shot_volume_side,MATCH_H2H_COMPARISON_CONTEXT,MATCH_H2H_CONTEXT_NOT_VENUE_SPECIFIC,SEASON_CURRENT_SNAPSHOT,CATEGORICAL_SIDE_LABEL,DERIVED_SEMANTIC_LABEL,SHOT_GENERATION,SHOT_FAMILY,UNRESOLVED,PARTIAL_EXISTING_SEMANTIC,REVIEW_EXISTING_LINEAGE,RESEARCH_ONLY,0,Do not infer production usability from presence in semantic v04.
FOOTYSTATS,data/analysis/footystats_toto1654_feature_semantic_v04.csv,SEMANTIC_V04,UNRESOLVED,ctx_home_conversion,MATCH_H2H_COMPARISON_CONTEXT,MATCH_H2H_CONTEXT_NOT_VENUE_SPECIFIC,SEASON_CURRENT_SNAPSHOT,PERCENT,SOURCE_CONTEXT_VALUE,FINISHING,FINISHING_FAMILY,UNRESOLVED,PARTIAL_EXISTING_SEMANTIC,REVIEW_EXISTING_LINEAGE,RESEARCH_ONLY,0,Do not infer production usability from presence in semantic v04.
FOOTYSTATS,data/analysis/footystats_toto1654_feature_semantic_v04.csv,SEMANTIC_V04,UNRESOLVED,ctx_away_conversion,MATCH_H2H_COMPARISON_CONTEXT,MATCH_H2H_CONTEXT_NOT_VENUE_SPECIFIC,SEASON_CURRENT_SNAPSHOT,PERCENT,SOURCE_CONTEXT_VALUE,FINISHING,FINISHING_FAMILY,UNRESOLVED,PARTIAL_EXISTING_SEMANTIC,REVIEW_EXISTING_LINEAGE,RESEARCH_ONLY,0,Do not infer production usability from presence in semantic v04.
FOOTYSTATS,data/analysis/footystats_toto1654_feature_semantic_v04.csv,SEMANTIC_V04,UNRESOLVED,ctx_conversion_edge,MATCH_H2H_COMPARISON_CONTEXT,MATCH_H2H_CONTEXT_NOT_VENUE_SPECIFIC,SEASON_CURRENT_SNAPSHOT,PERCENTAGE_POINT_DIFFERENCE,DERIVED_EDGE,FINISHING,FINISHING_FAMILY,UNRESOLVED,PARTIAL_EXISTING_SEMANTIC,REVIEW_EXISTING_LINEAGE,RESEARCH_ONLY,0,Do not infer production usability from presence in semantic v04.
FOOTYSTATS,data/analysis/footystats_toto1654_feature_semantic_v04.csv,SEMANTIC_V04,UNRESOLVED,ctx_home_spg,MATCH_H2H_COMPARISON_CONTEXT,MATCH_H2H_CONTEXT_NOT_VENUE_SPECIFIC,SEASON_CURRENT_SNAPSHOT,SHOTS_PER_GOAL,SOURCE_CONTEXT_VALUE,FINISHING,FINISHING_FAMILY,UNRESOLVED,PARTIAL_EXISTING_SEMANTIC,REVIEW_EXISTING_LINEAGE,RESEARCH_ONLY,0,Do not infer production usability from presence in semantic v04.
FOOTYSTATS,data/analysis/footystats_toto1654_feature_semantic_v04.csv,SEMANTIC_V04,UNRESOLVED,ctx_away_spg,MATCH_H2H_COMPARISON_CONTEXT,MATCH_H2H_CONTEXT_NOT_VENUE_SPECIFIC,SEASON_CURRENT_SNAPSHOT,SHOTS_PER_GOAL,SOURCE_CONTEXT_VALUE,FINISHING,FINISHING_FAMILY,UNRESOLVED,PARTIAL_EXISTING_SEMANTIC,REVIEW_EXISTING_LINEAGE,RESEARCH_ONLY,0,Do not infer production usability from presence in semantic v04.
FOOTYSTATS,data/analysis/footystats_toto1654_feature_semantic_v04.csv,SEMANTIC_V04,UNRESOLVED,ctx_spg_edge,MATCH_H2H_COMPARISON_CONTEXT,MATCH_H2H_CONTEXT_NOT_VENUE_SPECIFIC,SEASON_CURRENT_SNAPSHOT,SHOTS_PER_GOAL_DIFFERENCE,DERIVED_EDGE,FINISHING,FINISHING_FAMILY,UNRESOLVED,PARTIAL_EXISTING_SEMANTIC,REVIEW_EXISTING_LINEAGE,RESEARCH_ONLY,0,Do not infer production usability from presence in semantic v04.
FOOTYSTATS,data/analysis/footystats_toto1654_feature_semantic_v04.csv,SEMANTIC_V04,UNRESOLVED,ctx_finishing_side,MATCH_TEAM_PAIR,VENUE_OR_CONTEXT_DEPENDENT,SEASON_CURRENT_SNAPSHOT,CATEGORICAL_SIDE_LABEL,DERIVED_SEMANTIC_LABEL,FINISHING_DIRECTION_SUMMARY,FINISHING_FAMILY,UNRESOLVED,PARTIAL_EXISTING_SEMANTIC,REVIEW_EXISTING_LINEAGE,RESEARCH_ONLY,0,"Do not infer production usability from presence in semantic v04. | FS_V04_BUILDER_CONTRACT: Derived by semantic_two_side(ctx_conversion_edge,3.0,ctx_spg_edge,2.0); not an independent vote."
FOOTYSTATS,data/analysis/footystats_toto1654_feature_semantic_v04.csv,SEMANTIC_V04,UNRESOLVED,ctx_home_possession,MATCH_H2H_COMPARISON_CONTEXT,MATCH_H2H_CONTEXT_NOT_VENUE_SPECIFIC,SEASON_CURRENT_SNAPSHOT,PERCENT,SOURCE_CONTEXT_VALUE,POSSESSION_BUILDUP_CONTEXT,POSSESSION_FAMILY,UNRESOLVED,PARTIAL_EXISTING_SEMANTIC,REVIEW_EXISTING_LINEAGE,RESEARCH_ONLY,0,Do not infer production usability from presence in semantic v04.
FOOTYSTATS,data/analysis/footystats_toto1654_feature_semantic_v04.csv,SEMANTIC_V04,UNRESOLVED,ctx_away_possession,MATCH_H2H_COMPARISON_CONTEXT,MATCH_H2H_CONTEXT_NOT_VENUE_SPECIFIC,SEASON_CURRENT_SNAPSHOT,PERCENT,SOURCE_CONTEXT_VALUE,POSSESSION_BUILDUP_CONTEXT,POSSESSION_FAMILY,UNRESOLVED,PARTIAL_EXISTING_SEMANTIC,REVIEW_EXISTING_LINEAGE,RESEARCH_ONLY,0,Do not infer production usability from presence in semantic v04.
FOOTYSTATS,data/analysis/footystats_toto1654_feature_semantic_v04.csv,SEMANTIC_V04,UNRESOLVED,ctx_possession_edge,MATCH_H2H_COMPARISON_CONTEXT,MATCH_H2H_CONTEXT_NOT_VENUE_SPECIFIC,SEASON_CURRENT_SNAPSHOT,PERCENTAGE_POINT_DIFFERENCE,DERIVED_EDGE,POSSESSION_BUILDUP_CONTEXT,POSSESSION_FAMILY,UNRESOLVED,PARTIAL_EXISTING_SEMANTIC,REVIEW_EXISTING_LINEAGE,RESEARCH_ONLY,0,Do not infer production usability from presence in semantic v04.
FOOTYSTATS,data/analysis/footystats_toto1654_feature_semantic_v04.csv,SEMANTIC_V04,UNRESOLVED,ctx_possession_side,MATCH_H2H_COMPARISON_CONTEXT,MATCH_H2H_CONTEXT_NOT_VENUE_SPECIFIC,SEASON_CURRENT_SNAPSHOT,CATEGORICAL_SIDE_LABEL,DERIVED_SEMANTIC_LABEL,POSSESSION_BUILDUP_CONTEXT,POSSESSION_FAMILY,UNRESOLVED,PARTIAL_EXISTING_SEMANTIC,REVIEW_EXISTING_LINEAGE,RESEARCH_ONLY,0,Do not infer production usability from presence in semantic v04.
FOOTYSTATS,data/analysis/footystats_toto1654_feature_semantic_v04.csv,SEMANTIC_V04,UNRESOLVED,explicit_venue_detail_pair,MATCH_TEAM_PAIR,VENUE_OR_CONTEXT_DEPENDENT,SEASON_CURRENT_SNAPSHOT,BOOLEAN,DERIVED_AVAILABILITY_CONTROL,VENUE_DETAIL_AVAILABILITY_CONTROL,VENUE_DETAIL_QA,UNRESOLVED,PARTIAL_EXISTING_SEMANTIC,REVIEW_EXISTING_LINEAGE,RESEARCH_ONLY,0,"Do not infer production usability from presence in semantic v04. | FS_V04_BUILDER_CONTRACT: Indicates whether explicit venue-detail pair is available; availability/control only, not an independent vote."
FOOTYSTATS,data/analysis/footystats_toto1654_feature_semantic_v04.csv,SEMANTIC_V04,UNRESOLVED,venue_detail_home_shots,MATCH_TEAM_PAIR_EXPLICIT_VENUE_DETAIL,EXPLICIT_HOME_AND_AWAY_VENUE,SEASON_CURRENT_SNAPSHOT,SHOTS_PER_MATCH,SOURCE_EXPLICIT_VENUE_VALUE,SHOT_GENERATION,SHOT_FAMILY,UNRESOLVED,PARTIAL_EXISTING_SEMANTIC,REVIEW_EXISTING_LINEAGE,RESEARCH_ONLY,0,Do not infer production usability from presence in semantic v04.
FOOTYSTATS,data/analysis/footystats_toto1654_feature_semantic_v04.csv,SEMANTIC_V04,UNRESOLVED,venue_detail_away_shots,MATCH_TEAM_PAIR_EXPLICIT_VENUE_DETAIL,EXPLICIT_HOME_AND_AWAY_VENUE,SEASON_CURRENT_SNAPSHOT,SHOTS_PER_MATCH,SOURCE_EXPLICIT_VENUE_VALUE,SHOT_GENERATION,SHOT_FAMILY,UNRESOLVED,PARTIAL_EXISTING_SEMANTIC,REVIEW_EXISTING_LINEAGE,RESEARCH_ONLY,0,Do not infer production usability from presence in semantic v04.
FOOTYSTATS,data/analysis/footystats_toto1654_feature_semantic_v04.csv,SEMANTIC_V04,UNRESOLVED,venue_detail_shots_edge,MATCH_TEAM_PAIR_EXPLICIT_VENUE_DETAIL,EXPLICIT_HOME_AND_AWAY_VENUE,SEASON_CURRENT_SNAPSHOT,SHOTS_PER_MATCH_DIFFERENCE,DERIVED_EDGE,SHOT_GENERATION,SHOT_FAMILY,UNRESOLVED,PARTIAL_EXISTING_SEMANTIC,REVIEW_EXISTING_LINEAGE,RESEARCH_ONLY,0,Do not infer production usability from presence in semantic v04.
FOOTYSTATS,data/analysis/footystats_toto1654_feature_semantic_v04.csv,SEMANTIC_V04,UNRESOLVED,venue_detail_home_sot,MATCH_TEAM_PAIR_EXPLICIT_VENUE_DETAIL,EXPLICIT_HOME_AND_AWAY_VENUE,SEASON_CURRENT_SNAPSHOT,SHOTS_PER_MATCH,SOURCE_EXPLICIT_VENUE_VALUE,SHOT_GENERATION,SHOT_FAMILY,UNRESOLVED,PARTIAL_EXISTING_SEMANTIC,REVIEW_EXISTING_LINEAGE,RESEARCH_ONLY,0,Do not infer production usability from presence in semantic v04.
FOOTYSTATS,data/analysis/footystats_toto1654_feature_semantic_v04.csv,SEMANTIC_V04,UNRESOLVED,venue_detail_away_sot,MATCH_TEAM_PAIR_EXPLICIT_VENUE_DETAIL,EXPLICIT_HOME_AND_AWAY_VENUE,SEASON_CURRENT_SNAPSHOT,SHOTS_PER_MATCH,SOURCE_EXPLICIT_VENUE_VALUE,SHOT_GENERATION,SHOT_FAMILY,UNRESOLVED,PARTIAL_EXISTING_SEMANTIC,REVIEW_EXISTING_LINEAGE,RESEARCH_ONLY,0,Do not infer production usability from presence in semantic v04.
FOOTYSTATS,data/analysis/footystats_toto1654_feature_semantic_v04.csv,SEMANTIC_V04,UNRESOLVED,venue_detail_sot_edge,MATCH_TEAM_PAIR_EXPLICIT_VENUE_DETAIL,EXPLICIT_HOME_AND_AWAY_VENUE,SEASON_CURRENT_SNAPSHOT,SHOTS_PER_MATCH_DIFFERENCE,DERIVED_EDGE,SHOT_GENERATION,SHOT_FAMILY,UNRESOLVED,PARTIAL_EXISTING_SEMANTIC,REVIEW_EXISTING_LINEAGE,RESEARCH_ONLY,0,Do not infer production usability from presence in semantic v04.
FOOTYSTATS,data/analysis/footystats_toto1654_feature_semantic_v04.csv,SEMANTIC_V04,UNRESOLVED,venue_shot_volume_side,MATCH_TEAM_PAIR_EXPLICIT_VENUE_DETAIL,EXPLICIT_HOME_AND_AWAY_VENUE,SEASON_CURRENT_SNAPSHOT,CATEGORICAL_SIDE_LABEL,DERIVED_SEMANTIC_LABEL,SHOT_GENERATION,SHOT_FAMILY,UNRESOLVED,PARTIAL_EXISTING_SEMANTIC,REVIEW_EXISTING_LINEAGE,RESEARCH_ONLY,0,Do not infer production usability from presence in semantic v04.
FOOTYSTATS,data/analysis/footystats_toto1654_feature_semantic_v04.csv,SEMANTIC_V04,UNRESOLVED,venue_detail_home_conversion,MATCH_TEAM_PAIR_EXPLICIT_VENUE_DETAIL,EXPLICIT_HOME_AND_AWAY_VENUE,SEASON_CURRENT_SNAPSHOT,PERCENT,SOURCE_EXPLICIT_VENUE_VALUE,FINISHING,FINISHING_FAMILY,UNRESOLVED,PARTIAL_EXISTING_SEMANTIC,REVIEW_EXISTING_LINEAGE,RESEARCH_ONLY,0,Do not infer production usability from presence in semantic v04.
FOOTYSTATS,data/analysis/footystats_toto1654_feature_semantic_v04.csv,SEMANTIC_V04,UNRESOLVED,venue_detail_away_conversion,MATCH_TEAM_PAIR_EXPLICIT_VENUE_DETAIL,EXPLICIT_HOME_AND_AWAY_VENUE,SEASON_CURRENT_SNAPSHOT,PERCENT,SOURCE_EXPLICIT_VENUE_VALUE,FINISHING,FINISHING_FAMILY,UNRESOLVED,PARTIAL_EXISTING_SEMANTIC,REVIEW_EXISTING_LINEAGE,RESEARCH_ONLY,0,Do not infer production usability from presence in semantic v04.
FOOTYSTATS,data/analysis/footystats_toto1654_feature_semantic_v04.csv,SEMANTIC_V04,UNRESOLVED,venue_detail_conversion_edge,MATCH_TEAM_PAIR_EXPLICIT_VENUE_DETAIL,EXPLICIT_HOME_AND_AWAY_VENUE,SEASON_CURRENT_SNAPSHOT,PERCENTAGE_POINT_DIFFERENCE,DERIVED_EDGE,FINISHING,FINISHING_FAMILY,UNRESOLVED,PARTIAL_EXISTING_SEMANTIC,REVIEW_EXISTING_LINEAGE,RESEARCH_ONLY,0,Do not infer production usability from presence in semantic v04.
FOOTYSTATS,data/analysis/footystats_toto1654_feature_semantic_v04.csv,SEMANTIC_V04,UNRESOLVED,venue_detail_home_spg,MATCH_TEAM_PAIR_EXPLICIT_VENUE_DETAIL,EXPLICIT_HOME_AND_AWAY_VENUE,SEASON_CURRENT_SNAPSHOT,SHOTS_PER_GOAL,SOURCE_EXPLICIT_VENUE_VALUE,FINISHING,FINISHING_FAMILY,UNRESOLVED,PARTIAL_EXISTING_SEMANTIC,REVIEW_EXISTING_LINEAGE,RESEARCH_ONLY,0,Do not infer production usability from presence in semantic v04.
FOOTYSTATS,data/analysis/footystats_toto1654_feature_semantic_v04.csv,SEMANTIC_V04,UNRESOLVED,venue_detail_away_spg,MATCH_TEAM_PAIR_EXPLICIT_VENUE_DETAIL,EXPLICIT_HOME_AND_AWAY_VENUE,SEASON_CURRENT_SNAPSHOT,SHOTS_PER_GOAL,SOURCE_EXPLICIT_VENUE_VALUE,FINISHING,FINISHING_FAMILY,UNRESOLVED,PARTIAL_EXISTING_SEMANTIC,REVIEW_EXISTING_LINEAGE,RESEARCH_ONLY,0,Do not infer production usability from presence in semantic v04.
FOOTYSTATS,data/analysis/footystats_toto1654_feature_semantic_v04.csv,SEMANTIC_V04,UNRESOLVED,venue_detail_spg_edge,MATCH_TEAM_PAIR_EXPLICIT_VENUE_DETAIL,EXPLICIT_HOME_AND_AWAY_VENUE,SEASON_CURRENT_SNAPSHOT,SHOTS_PER_GOAL_DIFFERENCE,DERIVED_EDGE,FINISHING,FINISHING_FAMILY,UNRESOLVED,PARTIAL_EXISTING_SEMANTIC,REVIEW_EXISTING_LINEAGE,RESEARCH_ONLY,0,Do not infer production usability from presence in semantic v04.
FOOTYSTATS,data/analysis/footystats_toto1654_feature_semantic_v04.csv,SEMANTIC_V04,UNRESOLVED,venue_finishing_side,MATCH_TEAM_PAIR_WITH_EXPLICIT_VENUE_DETAIL,VENUE_OR_CONTEXT_DEPENDENT,SEASON_CURRENT_SNAPSHOT,CATEGORICAL_SIDE_LABEL,DERIVED_SEMANTIC_LABEL,VENUE_FINISHING_DIRECTION_SUMMARY,FINISHING_FAMILY,UNRESOLVED,PARTIAL_EXISTING_SEMANTIC,REVIEW_EXISTING_LINEAGE,RESEARCH_ONLY,0,Do not infer production usability from presence in semantic v04. | FS_V04_BUILDER_CONTRACT: Derived from explicit venue conversion and shots-per-goal edges; NA when explicit venue detail is unavailable; not an independent vote.
FOOTYSTATS,data/analysis/footystats_toto1654_feature_semantic_v04.csv,SEMANTIC_V04,UNRESOLVED,venue_detail_home_possession,MATCH_TEAM_PAIR_EXPLICIT_VENUE_DETAIL,EXPLICIT_HOME_AND_AWAY_VENUE,SEASON_CURRENT_SNAPSHOT,PERCENT,SOURCE_EXPLICIT_VENUE_VALUE,POSSESSION_BUILDUP_CONTEXT,POSSESSION_FAMILY,UNRESOLVED,PARTIAL_EXISTING_SEMANTIC,REVIEW_EXISTING_LINEAGE,RESEARCH_ONLY,0,Do not infer production usability from presence in semantic v04.
FOOTYSTATS,data/analysis/footystats_toto1654_feature_semantic_v04.csv,SEMANTIC_V04,UNRESOLVED,venue_detail_away_possession,MATCH_TEAM_PAIR_EXPLICIT_VENUE_DETAIL,EXPLICIT_HOME_AND_AWAY_VENUE,SEASON_CURRENT_SNAPSHOT,PERCENT,SOURCE_EXPLICIT_VENUE_VALUE,POSSESSION_BUILDUP_CONTEXT,POSSESSION_FAMILY,UNRESOLVED,PARTIAL_EXISTING_SEMANTIC,REVIEW_EXISTING_LINEAGE,RESEARCH_ONLY,0,Do not infer production usability from presence in semantic v04.
FOOTYSTATS,data/analysis/footystats_toto1654_feature_semantic_v04.csv,SEMANTIC_V04,UNRESOLVED,venue_detail_possession_edge,MATCH_TEAM_PAIR_EXPLICIT_VENUE_DETAIL,EXPLICIT_HOME_AND_AWAY_VENUE,SEASON_CURRENT_SNAPSHOT,PERCENTAGE_POINT_DIFFERENCE,DERIVED_EDGE,POSSESSION_BUILDUP_CONTEXT,POSSESSION_FAMILY,UNRESOLVED,PARTIAL_EXISTING_SEMANTIC,REVIEW_EXISTING_LINEAGE,RESEARCH_ONLY,0,Do not infer production usability from presence in semantic v04.
FOOTYSTATS,data/analysis/footystats_toto1654_feature_semantic_v04.csv,SEMANTIC_V04,UNRESOLVED,venue_possession_side,MATCH_TEAM_PAIR_EXPLICIT_VENUE_DETAIL,EXPLICIT_HOME_AND_AWAY_VENUE,SEASON_CURRENT_SNAPSHOT,CATEGORICAL_SIDE_LABEL,DERIVED_SEMANTIC_LABEL,POSSESSION_BUILDUP_CONTEXT,POSSESSION_FAMILY,UNRESOLVED,PARTIAL_EXISTING_SEMANTIC,REVIEW_EXISTING_LINEAGE,RESEARCH_ONLY,0,Do not infer production usability from presence in semantic v04.
FOOTYSTATS,data/analysis/footystats_toto1654_feature_semantic_v04.csv,SEMANTIC_V04,UNRESOLVED,finishing_semantic_split,MATCH_TEAM_PAIR_WITH_COMPARABLE_FINISHING_LABELS,VENUE_OR_CONTEXT_DEPENDENT,SEASON_CURRENT_SNAPSHOT,BOOLEAN,DERIVED_QA_CONTROL,FINISHING_SEMANTIC_CONFLICT_CONTROL,FINISHING_FAMILY_QA,UNRESOLVED,PARTIAL_EXISTING_SEMANTIC,REVIEW_EXISTING_LINEAGE,RESEARCH_ONLY,0,"Do not infer production usability from presence in semantic v04. | FS_V04_BUILDER_CONTRACT: True only when context and explicit-venue finishing semantic directions are opposite; conflict/QA flag, not an independent vote."
FOOTYSTATS,data/analysis/footystats_toto1654_feature_semantic_v04.csv,SEMANTIC_V04,UNRESOLVED,shot_volume_semantic_split,MATCH,QA_CONTROL,SEASON_CURRENT_SNAPSHOT,BOOLEAN,DERIVED_QA_CONTROL,SHOT_GENERATION,SHOT_FAMILY,UNRESOLVED,PARTIAL_EXISTING_SEMANTIC,REVIEW_EXISTING_LINEAGE,RESEARCH_ONLY,0,Do not infer production usability from presence in semantic v04.
FOOTYSTATS,data/analysis/footystats_toto1654_feature_semantic_v04.csv,SEMANTIC_V04,UNRESOLVED,possession_semantic_split,MATCH,QA_CONTROL,SEASON_CURRENT_SNAPSHOT,BOOLEAN,DERIVED_QA_CONTROL,POSSESSION_BUILDUP_CONTEXT,POSSESSION_FAMILY,UNRESOLVED,PARTIAL_EXISTING_SEMANTIC,REVIEW_EXISTING_LINEAGE,RESEARCH_ONLY,0,Do not infer production usability from presence in semantic v04.
FOOTYSTATS,data/analysis/footystats_toto1654_feature_semantic_v04.csv,SEMANTIC_V04,UNRESOLVED,matchup_xg_home,MATCH_TEAM_SIDE,VENUE_MATCHUP_DIAGNOSTIC_PROXY,SEASON_CURRENT_SNAPSHOT,XG_PER_MATCH,DERIVED_DIAGNOSTIC_PROXY,GOAL_EXPECTANCY,XG_FAMILY,UNRESOLVED,PARTIAL_EXISTING_SEMANTIC,REVIEW_EXISTING_LINEAGE,RESEARCH_ONLY,0,Do not infer production usability from presence in semantic v04.
FOOTYSTATS,data/analysis/footystats_toto1654_feature_semantic_v04.csv,SEMANTIC_V04,UNRESOLVED,matchup_xg_away,MATCH_TEAM_SIDE,VENUE_MATCHUP_DIAGNOSTIC_PROXY,SEASON_CURRENT_SNAPSHOT,XG_PER_MATCH,DERIVED_DIAGNOSTIC_PROXY,GOAL_EXPECTANCY,XG_FAMILY,UNRESOLVED,PARTIAL_EXISTING_SEMANTIC,REVIEW_EXISTING_LINEAGE,RESEARCH_ONLY,0,Do not infer production usability from presence in semantic v04.
FOOTYSTATS,data/analysis/footystats_toto1654_feature_semantic_v04.csv,SEMANTIC_V04,UNRESOLVED,matchup_xg_edge,MATCH_TEAM_PAIR,VENUE_MATCHUP_DIAGNOSTIC_PROXY,SEASON_CURRENT_SNAPSHOT,XG_PER_MATCH_DIFFERENCE,DERIVED_DIAGNOSTIC_EDGE,GOAL_EXPECTANCY,XG_FAMILY,UNRESOLVED,PARTIAL_EXISTING_SEMANTIC,REVIEW_EXISTING_LINEAGE,RESEARCH_ONLY,0,Do not infer production usability from presence in semantic v04.
FOOTYSTATS,data/analysis/footystats_toto1654_feature_semantic_v04.csv,SEMANTIC_V04,UNRESOLVED,matchup_xg_side,MATCH_TEAM_PAIR,VENUE_MATCHUP_DIAGNOSTIC_PROXY,SEASON_CURRENT_SNAPSHOT,CATEGORICAL_SIDE_LABEL,DERIVED_DIAGNOSTIC_LABEL,GOAL_EXPECTANCY,XG_FAMILY,UNRESOLVED,PARTIAL_EXISTING_SEMANTIC,REVIEW_EXISTING_LINEAGE,RESEARCH_ONLY,0,Do not infer production usability from presence in semantic v04.
FOOTYSTATS,data/analysis/footystats_toto1654_feature_semantic_v04.csv,SEMANTIC_V04,UNRESOLVED,market_p1,MATCH_1X2_MARKET,MARKET_CONTEXT,SEASON_CURRENT_SNAPSHOT,PROBABILITY_0_1,DERIVED_OVERROUND_NORMALIZED_PROBABILITY,MARKET_CONTEXT,MARKET_FAMILY,UNRESOLVED,PARTIAL_EXISTING_SEMANTIC,REVIEW_EXISTING_LINEAGE,RESEARCH_ONLY,0,Do not infer production usability from presence in semantic v04.
FOOTYSTATS,data/analysis/footystats_toto1654_feature_semantic_v04.csv,SEMANTIC_V04,UNRESOLVED,market_p0,MATCH_1X2_MARKET,MARKET_CONTEXT,SEASON_CURRENT_SNAPSHOT,PROBABILITY_0_1,DERIVED_OVERROUND_NORMALIZED_PROBABILITY,MARKET_CONTEXT,MARKET_FAMILY,UNRESOLVED,PARTIAL_EXISTING_SEMANTIC,REVIEW_EXISTING_LINEAGE,RESEARCH_ONLY,0,Do not infer production usability from presence in semantic v04.
FOOTYSTATS,data/analysis/footystats_toto1654_feature_semantic_v04.csv,SEMANTIC_V04,UNRESOLVED,market_p2,MATCH_1X2_MARKET,MARKET_CONTEXT,SEASON_CURRENT_SNAPSHOT,PROBABILITY_0_1,DERIVED_OVERROUND_NORMALIZED_PROBABILITY,MARKET_CONTEXT,MARKET_FAMILY,UNRESOLVED,PARTIAL_EXISTING_SEMANTIC,REVIEW_EXISTING_LINEAGE,RESEARCH_ONLY,0,Do not infer production usability from presence in semantic v04.
FOOTYSTATS,data/analysis/footystats_toto1654_feature_semantic_v04.csv,SEMANTIC_V04,UNRESOLVED,market_top,MATCH_1X2_MARKET,MARKET_CONTEXT,SEASON_CURRENT_SNAPSHOT,CATEGORICAL_1_0_2,DERIVED_MARKET_LABEL,MARKET_CONTEXT,MARKET_FAMILY,UNRESOLVED,PARTIAL_EXISTING_SEMANTIC,REVIEW_EXISTING_LINEAGE,RESEARCH_ONLY,0,Do not infer production usability from presence in semantic v04.
FOOTYSTATS,data/analysis/footystats_toto1654_feature_semantic_v04.csv,SEMANTIC_V04,UNRESOLVED,market_gap,MATCH_1X2_MARKET,MARKET_CONTEXT,SEASON_CURRENT_SNAPSHOT,PROBABILITY_POINT_GAP,DERIVED_MARKET_MARGIN,MARKET_CONTEXT,MARKET_FAMILY,UNRESOLVED,PARTIAL_EXISTING_SEMANTIC,REVIEW_EXISTING_LINEAGE,RESEARCH_ONLY,0,Do not infer production usability from presence in semantic v04.
FOOTYSTATS,data/analysis/footystats_toto1654_feature_semantic_v04.csv,SEMANTIC_V04,UNRESOLVED,xg_crosscheck,MATCH_WITH_EXPLICIT_VENUE_DETAIL_WHERE_AVAILABLE,QA_CONTROL,SEASON_CURRENT_SNAPSHOT,CATEGORICAL_QA_STATUS,DERIVED_QA_CONTROL,GOAL_EXPECTANCY,XG_FAMILY,UNRESOLVED,PARTIAL_EXISTING_SEMANTIC,REVIEW_EXISTING_LINEAGE,RESEARCH_ONLY,0,Do not infer production usability from presence in semantic v04.
FOOTYSTATS,data/analysis/footystats_toto1654_feature_semantic_v04.csv,SEMANTIC_V04,UNRESOLVED,semantic_flags,MATCH,VENUE_OR_CONTEXT_DEPENDENT,SEASON_CURRENT_SNAPSHOT,CATEGORICAL_QA_FLAGS,DERIVED_QA_CONTROL,SEMANTIC_QA_CONTROL,FOOTYSTATS_QA,UNRESOLVED,PARTIAL_EXISTING_SEMANTIC,REVIEW_EXISTING_LINEAGE,RESEARCH_ONLY,0,"Do not infer production usability from presence in semantic v04. | FS_V04_BUILDER_CONTRACT: Aggregates semantic split, xG crosscheck mismatch, and venue-detail-unavailable QA states; not an independent vote."
FOOTBALL_LAB,data/analysis/football_lab_parameter_registry_semantic_v01.csv,META,PROVENANCE,_merge,UNRESOLVED,UNRESOLVED,UNRESOLVED,UNRESOLVED,UNRESOLVED,PROVENANCE,REVIEW_EXISTING_FL_POLICY,UNRESOLVED,PROVENANCE,REVIEW_EXISTING_LINEAGE,RESEARCH_ONLY,0,file_count=5; sample=both
FOOTBALL_LAB,data/analysis/football_lab_parameter_registry_semantic_v01.csv,FL_DERIVED,AVAILABILITY_CONTEXT,absence_mentions,UNRESOLVED,UNRESOLVED,UNRESOLVED,UNRESOLVED,UNRESOLVED,AVAILABILITY_CONTEXT,REVIEW_EXISTING_FL_POLICY,UNRESOLVED,AVAILABILITY_CONTEXT,REVIEW_EXISTING_LINEAGE,RESEARCH_ONLY,0,file_count=3; sample=5
FOOTBALL_LAB,data/analysis/football_lab_parameter_registry_semantic_v01.csv,FL_DERIVED,AVAILABILITY_CONTEXT,absence_rows,UNRESOLVED,UNRESOLVED,UNRESOLVED,UNRESOLVED,UNRESOLVED,AVAILABILITY_CONTEXT,REVIEW_EXISTING_FL_POLICY,UNRESOLVED,AVAILABILITY_CONTEXT,REVIEW_EXISTING_LINEAGE,RESEARCH_ONLY,0,file_count=2; sample=2
FOOTBALL_LAB,data/analysis/football_lab_parameter_registry_semantic_v01.csv,FL_DERIVED,AVAILABILITY_CONTEXT,absence_section,UNRESOLVED,UNRESOLVED,UNRESOLVED,UNRESOLVED,UNRESOLVED,AVAILABILITY_CONTEXT,REVIEW_EXISTING_FL_POLICY,UNRESOLVED,AVAILABILITY_CONTEXT,REVIEW_EXISTING_LINEAGE,RESEARCH_ONLY,0,file_count=3; sample=True
FOOTBALL_LAB,data/analysis/football_lab_parameter_registry_semantic_v01.csv,FL_DERIVED,AVAILABILITY_CONTEXT,absence_type,UNRESOLVED,UNRESOLVED,UNRESOLVED,UNRESOLVED,UNRESOLVED,AVAILABILITY_CONTEXT,REVIEW_EXISTING_FL_POLICY,UNRESOLVED,AVAILABILITY_CONTEXT,REVIEW_EXISTING_LINEAGE,RESEARCH_ONLY,0,file_count=7; sample=欠場情報
FOOTBALL_LAB,data/analysis/football_lab_parameter_registry_semantic_v01.csv,UNCLASSIFIED,REVIEW,attack_col,UNRESOLVED,UNRESOLVED,UNRESOLVED,UNRESOLVED,UNRESOLVED,ORIGIN_UNRESOLVED,ORIGIN_UNRESOLVED,UNRESOLVED,ORIGIN_UNRESOLVED,REVIEW_EXISTING_LINEAGE,BLOCKED_BY_MISSING,0,Value/column observed but source lineage and semantic definition not established; do not use predictively.
FOOTBALL_LAB,data/analysis/football_lab_parameter_registry_semantic_v01.csv,FL_DERIVED,HOTZONE,attack_col_0_mean,UNRESOLVED,UNRESOLVED,UNRESOLVED,UNRESOLVED,UNRESOLVED,HOTZONE,REVIEW_EXISTING_FL_POLICY,UNRESOLVED,HOTZONE,REVIEW_EXISTING_LINEAGE,RESEARCH_ONLY,0,file_count=1; sample=0.23015873015873015
FOOTBALL_LAB,data/analysis/football_lab_parameter_registry_semantic_v01.csv,FL_DERIVED,HOTZONE,attack_col_1_mean,UNRESOLVED,UNRESOLVED,UNRESOLVED,UNRESOLVED,UNRESOLVED,HOTZONE,REVIEW_EXISTING_FL_POLICY,UNRESOLVED,HOTZONE,REVIEW_EXISTING_LINEAGE,RESEARCH_ONLY,0,file_count=1; sample=0.3293650793650793
FOOTBALL_LAB,data/analysis/football_lab_parameter_registry_semantic_v01.csv,FL_DERIVED,HOTZONE,attack_col_2_mean,UNRESOLVED,UNRESOLVED,UNRESOLVED,UNRESOLVED,UNRESOLVED,HOTZONE,REVIEW_EXISTING_FL_POLICY,UNRESOLVED,HOTZONE,REVIEW_EXISTING_LINEAGE,RESEARCH_ONLY,0,file_count=1; sample=0.4166666666666666
FOOTBALL_LAB,data/analysis/football_lab_parameter_registry_semantic_v01.csv,FL_DERIVED,HOTZONE,attack_col_3_mean,UNRESOLVED,UNRESOLVED,UNRESOLVED,UNRESOLVED,UNRESOLVED,HOTZONE,REVIEW_EXISTING_FL_POLICY,UNRESOLVED,HOTZONE,REVIEW_EXISTING_LINEAGE,RESEARCH_ONLY,0,file_count=1; sample=0.503968253968254
FOOTBALL_LAB,data/analysis/football_lab_parameter_registry_semantic_v01.csv,FL_DERIVED,HOTZONE,attack_col_4_mean,UNRESOLVED,UNRESOLVED,UNRESOLVED,UNRESOLVED,UNRESOLVED,HOTZONE,REVIEW_EXISTING_FL_POLICY,UNRESOLVED,HOTZONE,REVIEW_EXISTING_LINEAGE,RESEARCH_ONLY,0,file_count=1; sample=0.5833333333333334
FOOTBALL_LAB,data/analysis/football_lab_parameter_registry_semantic_v01.csv,FL_DERIVED,HOTZONE,attack_col_5_mean,UNRESOLVED,UNRESOLVED,UNRESOLVED,UNRESOLVED,UNRESOLVED,HOTZONE,REVIEW_EXISTING_FL_POLICY,UNRESOLVED,HOTZONE,REVIEW_EXISTING_LINEAGE,RESEARCH_ONLY,0,file_count=1; sample=0.6349206349206349
FOOTBALL_LAB,data/analysis/football_lab_parameter_registry_semantic_v01.csv,FL_DERIVED,HOTZONE,attack_col_6_mean,UNRESOLVED,UNRESOLVED,UNRESOLVED,UNRESOLVED,UNRESOLVED,HOTZONE,REVIEW_EXISTING_FL_POLICY,UNRESOLVED,HOTZONE,REVIEW_EXISTING_LINEAGE,RESEARCH_ONLY,0,file_count=1; sample=0.5912698412698413
FOOTBALL_LAB,data/analysis/football_lab_parameter_registry_semantic_v01.csv,FL_DERIVED,HOTZONE,attack_col_7_mean,UNRESOLVED,UNRESOLVED,UNRESOLVED,UNRESOLVED,UNRESOLVED,HOTZONE,REVIEW_EXISTING_FL_POLICY,UNRESOLVED,HOTZONE,REVIEW_EXISTING_LINEAGE,RESEARCH_ONLY,0,file_count=1; sample=0.34920634920634924
FOOTBALL_LAB,data/analysis/football_lab_parameter_registry_semantic_v01.csv,FL_DERIVED,HOTZONE,attack_col_8_mean,UNRESOLVED,UNRESOLVED,UNRESOLVED,UNRESOLVED,UNRESOLVED,HOTZONE,REVIEW_EXISTING_FL_POLICY,UNRESOLVED,HOTZONE,REVIEW_EXISTING_LINEAGE,RESEARCH_ONLY,0,file_count=1; sample=0.1071428571428571
FOOTBALL_LAB,data/analysis/football_lab_parameter_registry_semantic_v01.csv,UNCLASSIFIED,REVIEW,attack_direction_available,UNRESOLVED,UNRESOLVED,UNRESOLVED,UNRESOLVED,UNRESOLVED,DATA_QUALITY_CONTROL,DATA_QUALITY,UNRESOLVED,RECOVERED_EXISTING_SEMANTIC,REVIEW_EXISTING_LINEAGE,RESEARCH_ONLY,0,file_count=1; sample=False
FOOTBALL_LAB,data/analysis/football_lab_parameter_registry_semantic_v01.csv,FL_RAW,HOTZONE_RAW,attack_direction_raw,UNRESOLVED,UNRESOLVED,UNRESOLVED,UNRESOLVED,UNRESOLVED,HOTZONE_RAW,REVIEW_EXISTING_FL_POLICY,UNRESOLVED,HOTZONE_RAW,REVIEW_EXISTING_LINEAGE,RESEARCH_ONLY,0,file_count=2; sample=LR
FOOTBALL_LAB,data/analysis/football_lab_parameter_registry_semantic_v01.csv,META,PROVENANCE,attack_direction_status,UNRESOLVED,UNRESOLVED,UNRESOLVED,UNRESOLVED,UNRESOLVED,PROVENANCE,REVIEW_EXISTING_FL_POLICY,UNRESOLVED,PROVENANCE,REVIEW_EXISTING_LINEAGE,RESEARCH_ONLY,0,file_count=1; sample=UNAVAILABLE_NO_SOURCE_FIELD
FOOTBALL_LAB,data/analysis/football_lab_parameter_registry_semantic_v01.csv,FL_DERIVED,PLAYER_XI_CONTEXT,availability_probability,UNRESOLVED,UNRESOLVED,UNRESOLVED,UNRESOLVED,UNRESOLVED,PLAYER_XI_CONTEXT,REVIEW_EXISTING_FL_POLICY,UNRESOLVED,PLAYER_XI_CONTEXT,REVIEW_EXISTING_LINEAGE,RESEARCH_ONLY,0,file_count=6; sample=nan
FOOTBALL_LAB,data/analysis/football_lab_parameter_registry_semantic_v01.csv,FL_DERIVED,PLAYER_XI_CONTEXT,availability_status,UNRESOLVED,UNRESOLVED,UNRESOLVED,UNRESOLVED,UNRESOLVED,PLAYER_XI_CONTEXT,REVIEW_EXISTING_FL_POLICY,UNRESOLVED,PLAYER_XI_CONTEXT,REVIEW_EXISTING_LINEAGE,RESEARCH_ONLY,0,file_count=6; sample=REPORTED_ABSENCE
FOOTBALL_LAB,data/analysis/football_lab_parameter_registry_semantic_v01.csv,UNCLASSIFIED,REVIEW,away_league,UNRESOLVED,UNRESOLVED,UNRESOLVED,UNRESOLVED,UNRESOLVED,IDENTITY_MAPPING,IDENTITY,UNRESOLVED,RECOVERED_EXISTING_SEMANTIC,REVIEW_EXISTING_LINEAGE,RESEARCH_ONLY,0,file_count=2; sample=J1
FOOTBALL_LAB,data/analysis/football_lab_parameter_registry_semantic_v01.csv,META,IDENTITY,away_team,UNRESOLVED,UNRESOLVED,UNRESOLVED,UNRESOLVED,UNRESOLVED,IDENTITY,REVIEW_EXISTING_FL_POLICY,UNRESOLVED,IDENTITY,REVIEW_EXISTING_LINEAGE,RESEARCH_ONLY,0,file_count=7; sample=川崎フロンターレ
FOOTBALL_LAB,data/analysis/football_lab_parameter_registry_semantic_v01.csv,FL_DERIVED,SEMANTIC,build_up_internal_split,UNRESOLVED,UNRESOLVED,UNRESOLVED,UNRESOLVED,UNRESOLVED,SEMANTIC,REVIEW_EXISTING_FL_POLICY,UNRESOLVED,SEMANTIC,REVIEW_EXISTING_LINEAGE,RESEARCH_ONLY,0,file_count=2; sample=0
FOOTBALL_LAB,data/analysis/football_lab_parameter_registry_semantic_v01.csv,FL_DERIVED,SEMANTIC,build_up_z_diff_home,UNRESOLVED,UNRESOLVED,UNRESOLVED,UNRESOLVED,UNRESOLVED,SEMANTIC,REVIEW_EXISTING_FL_POLICY,UNRESOLVED,SEMANTIC,REVIEW_EXISTING_LINEAGE,RESEARCH_ONLY,0,file_count=2; sample=-2.017407852001282
FOOTBALL_LAB,data/analysis/football_lab_parameter_registry_semantic_v01.csv,META,PROVENANCE,bytes,UNRESOLVED,UNRESOLVED,UNRESOLVED,UNRESOLVED,UNRESOLVED,PROVENANCE,REVIEW_EXISTING_FL_POLICY,UNRESOLVED,PROVENANCE,REVIEW_EXISTING_LINEAGE,RESEARCH_ONLY,0,file_count=4; sample=88898
FOOTBALL_LAB,data/analysis/football_lab_parameter_registry_semantic_v01.csv,UNCLASSIFIED,REVIEW,category,UNRESOLVED,UNRESOLVED,UNRESOLVED,UNRESOLVED,UNRESOLVED,META_PROVENANCE,PROVENANCE_META,UNRESOLVED,RECOVERED_EXISTING_SEMANTIC,REVIEW_EXISTING_LINEAGE,RESEARCH_ONLY,0,file_count=1; sample=offense
FOOTBALL_LAB,data/analysis/football_lab_parameter_registry_semantic_v01.csv,UNCLASSIFIED,REVIEW,cbp_joined,UNRESOLVED,UNRESOLVED,UNRESOLVED,UNRESOLVED,UNRESOLVED,DATA_QUALITY_CONTROL,DATA_QUALITY,UNRESOLVED,RECOVERED_EXISTING_SEMANTIC,REVIEW_EXISTING_LINEAGE,RESEARCH_ONLY,0,file_count=1; sample=True
FOOTBALL_LAB,data/analysis/football_lab_parameter_registry_semantic_v01.csv,META,PROVENANCE,cbp_semantic_status,UNRESOLVED,UNRESOLVED,UNRESOLVED,UNRESOLVED,UNRESOLVED,PROVENANCE,REVIEW_EXISTING_FL_POLICY,UNRESOLVED,PROVENANCE,REVIEW_EXISTING_LINEAGE,RESEARCH_ONLY,0,file_count=1; sample=AVAILABLE_RESEARCH_SENSOR
FOOTBALL_LAB,data/analysis/football_lab_parameter_registry_semantic_v01.csv,UNCLASSIFIED,REVIEW,cbp_team_raw,UNRESOLVED,UNRESOLVED,UNRESOLVED,UNRESOLVED,UNRESOLVED,IDENTITY_MAPPING,IDENTITY,UNRESOLVED,RECOVERED_EXISTING_SEMANTIC,REVIEW_EXISTING_LINEAGE,RESEARCH_ONLY,0,file_count=1; sample=福岡
FOOTBALL_LAB,data/analysis/football_lab_parameter_registry_semantic_v01.csv,UNCLASSIFIED,REVIEW,cell_no,UNRESOLVED,UNRESOLVED,UNRESOLVED,UNRESOLVED,UNRESOLVED,META_PROVENANCE,PROVENANCE_META,UNRESOLVED,RECOVERED_EXISTING_SEMANTIC,REVIEW_EXISTING_LINEAGE,RESEARCH_ONLY,0,file_count=1; sample=0
FOOTBALL_LAB,data/analysis/football_lab_parameter_registry_semantic_v01.csv,FL_RAW,HOTZONE_RAW,cell_no_raw,UNRESOLVED,UNRESOLVED,UNRESOLVED,UNRESOLVED,UNRESOLVED,HOTZONE_RAW,REVIEW_EXISTING_FL_POLICY,UNRESOLVED,HOTZONE_RAW,REVIEW_EXISTING_LINEAGE,RESEARCH_ONLY,0,file_count=3; sample=0
FOOTBALL_LAB,data/analysis/football_lab_parameter_registry_semantic_v01.csv,UNCLASSIFIED,REVIEW,class,UNRESOLVED,UNRESOLVED,UNRESOLVED,UNRESOLVED,UNRESOLVED,META_PROVENANCE,PROVENANCE_META,UNRESOLVED,RECOVERED_EXISTING_SEMANTIC,REVIEW_EXISTING_LINEAGE,RESEARCH_ONLY,0,file_count=1; sample=tRank
FOOTBALL_LAB,data/analysis/football_lab_parameter_registry_semantic_v01.csv,FL_DERIVED,SEMANTIC,cross_away_z,UNRESOLVED,UNRESOLVED,UNRESOLVED,UNRESOLVED,UNRESOLVED,SEMANTIC,REVIEW_EXISTING_FL_POLICY,UNRESOLVED,SEMANTIC,REVIEW_EXISTING_LINEAGE,RESEARCH_ONLY,0,file_count=2; sample=-0.25299118766676837
FOOTBALL_LAB,data/analysis/football_lab_parameter_registry_semantic_v01.csv,FL_RAW,CBP,cross_cbp_per_match,UNRESOLVED,UNRESOLVED,UNRESOLVED,UNRESOLVED,UNRESOLVED,CBP,REVIEW_EXISTING_FL_POLICY,UNRESOLVED,CBP,REVIEW_EXISTING_LINEAGE,RESEARCH_ONLY,0,file_count=1; sample=2.44
FOOTBALL_LAB,data/analysis/football_lab_parameter_registry_semantic_v01.csv,FL_RAW,CBP,cross_cbp_rank,UNRESOLVED,UNRESOLVED,UNRESOLVED,UNRESOLVED,UNRESOLVED,CBP,REVIEW_EXISTING_FL_POLICY,UNRESOLVED,CBP,REVIEW_EXISTING_LINEAGE,RESEARCH_ONLY,0,file_count=1; sample=3
FOOTBALL_LAB,data/analysis/football_lab_parameter_registry_semantic_v01.csv,FL_RAW,CBP,cross_cbp_recent5,UNRESOLVED,UNRESOLVED,UNRESOLVED,UNRESOLVED,UNRESOLVED,CBP,REVIEW_EXISTING_FL_POLICY,UNRESOLVED,CBP,REVIEW_EXISTING_LINEAGE,RESEARCH_ONLY,0,file_count=1; sample=12.15
FOOTBALL_LAB,data/analysis/football_lab_parameter_registry_semantic_v01.csv,FL_RAW,CBP,cross_cbp_total,UNRESOLVED,UNRESOLVED,UNRESOLVED,UNRESOLVED,UNRESOLVED,CBP,REVIEW_EXISTING_FL_POLICY,UNRESOLVED,CBP,REVIEW_EXISTING_LINEAGE,RESEARCH_ONLY,0,file_count=1; sample=14.66
FOOTBALL_LAB,data/analysis/football_lab_parameter_registry_semantic_v01.csv,FL_DERIVED,SEMANTIC,cross_home_z,UNRESOLVED,UNRESOLVED,UNRESOLVED,UNRESOLVED,UNRESOLVED,SEMANTIC,REVIEW_EXISTING_FL_POLICY,UNRESOLVED,SEMANTIC,REVIEW_EXISTING_LINEAGE,RESEARCH_ONLY,0,file_count=2; sample=-0.4603610136231358
FOOTBALL_LAB,data/analysis/football_lab_parameter_registry_semantic_v01.csv,FL_DERIVED,SEMANTIC,cross_z_diff_home,UNRESOLVED,UNRESOLVED,UNRESOLVED,UNRESOLVED,UNRESOLVED,SEMANTIC,REVIEW_EXISTING_FL_POLICY,UNRESOLVED,SEMANTIC,REVIEW_EXISTING_LINEAGE,RESEARCH_ONLY,0,file_count=2; sample=-0.20736982595636744
FOOTBALL_LAB,data/analysis/football_lab_parameter_registry_semantic_v01.csv,FL_DERIVED,PLAYER_XI_CONTEXT,crosswalk_confidence,UNRESOLVED,UNRESOLVED,UNRESOLVED,UNRESOLVED,UNRESOLVED,PLAYER_XI_CONTEXT,REVIEW_EXISTING_FL_POLICY,UNRESOLVED,PLAYER_XI_CONTEXT,REVIEW_EXISTING_LINEAGE,RESEARCH_ONLY,0,file_count=1; sample=HIGH
FOOTBALL_LAB,data/analysis/football_lab_parameter_registry_semantic_v01.csv,FL_DERIVED,PLAYER_XI_CONTEXT,crosswalk_jl_position,UNRESOLVED,UNRESOLVED,UNRESOLVED,UNRESOLVED,UNRESOLVED,PLAYER_XI_CONTEXT,REVIEW_EXISTING_FL_POLICY,UNRESOLVED,PLAYER_XI_CONTEXT,REVIEW_EXISTING_LINEAGE,RESEARCH_ONLY,0,file_count=4; sample=nan
FOOTBALL_LAB,data/analysis/football_lab_parameter_registry_semantic_v01.csv,FL_DERIVED,PLAYER_XI_CONTEXT,crosswalk_method,UNRESOLVED,UNRESOLVED,UNRESOLVED,UNRESOLVED,UNRESOLVED,PLAYER_XI_CONTEXT,REVIEW_EXISTING_FL_POLICY,UNRESOLVED,PLAYER_XI_CONTEXT,REVIEW_EXISTING_LINEAGE,RESEARCH_ONLY,0,file_count=1; sample=CLUB_POSITION_SHIRT_EXACT
FOOTBALL_LAB,data/analysis/football_lab_parameter_registry_semantic_v01.csv,FL_DERIVED,PLAYER_XI_CONTEXT,crosswalk_production_player_coefficient,UNRESOLVED,UNRESOLVED,UNRESOLVED,UNRESOLVED,UNRESOLVED,PLAYER_XI_CONTEXT,REVIEW_EXISTING_FL_POLICY,UNRESOLVED,PLAYER_XI_CONTEXT,REVIEW_EXISTING_LINEAGE,RESEARCH_ONLY,0,file_count=4; sample=nan
FOOTBALL_LAB,data/analysis/football_lab_parameter_registry_semantic_v01.csv,FL_DERIVED,PLAYER_XI_CONTEXT,crosswalk_status,UNRESOLVED,UNRESOLVED,UNRESOLVED,UNRESOLVED,UNRESOLVED,PLAYER_XI_CONTEXT,REVIEW_EXISTING_FL_POLICY,UNRESOLVED,PLAYER_XI_CONTEXT,REVIEW_EXISTING_LINEAGE,RESEARCH_ONLY,0,file_count=1; sample=APPROVED_IDENTITY
FOOTBALL_LAB,data/analysis/football_lab_parameter_registry_semantic_v01.csv,FL_DERIVED,PLAYER_XI_CONTEXT,crosswalk_team_consistent,UNRESOLVED,UNRESOLVED,UNRESOLVED,UNRESOLVED,UNRESOLVED,PLAYER_XI_CONTEXT,REVIEW_EXISTING_FL_POLICY,UNRESOLVED,PLAYER_XI_CONTEXT,REVIEW_EXISTING_LINEAGE,RESEARCH_ONLY,0,file_count=4; sample=nan
FOOTBALL_LAB,data/analysis/football_lab_parameter_registry_semantic_v01.csv,FL_DERIVED,PLAYER_XI_CONTEXT,crosswalk_team_name,UNRESOLVED,UNRESOLVED,UNRESOLVED,UNRESOLVED,UNRESOLVED,PLAYER_XI_CONTEXT,REVIEW_EXISTING_FL_POLICY,UNRESOLVED,PLAYER_XI_CONTEXT,REVIEW_EXISTING_LINEAGE,RESEARCH_ONLY,0,file_count=4; sample=nan
FOOTBALL_LAB,data/analysis/football_lab_parameter_registry_semantic_v01.csv,FL_DERIVED,SEMANTIC,defense_away_z,UNRESOLVED,UNRESOLVED,UNRESOLVED,UNRESOLVED,UNRESOLVED,SEMANTIC,REVIEW_EXISTING_FL_POLICY,UNRESOLVED,SEMANTIC,REVIEW_EXISTING_LINEAGE,RESEARCH_ONLY,0,file_count=2; sample=-0.4710723900635793
FOOTBALL_LAB,data/analysis/football_lab_parameter_registry_semantic_v01.csv,FL_RAW,CBP,defense_cbp_per_match,UNRESOLVED,UNRESOLVED,UNRESOLVED,UNRESOLVED,UNRESOLVED,CBP,REVIEW_EXISTING_FL_POLICY,UNRESOLVED,CBP,REVIEW_EXISTING_LINEAGE,RESEARCH_ONLY,0,file_count=1; sample=14.01
FOOTBALL_LAB,data/analysis/football_lab_parameter_registry_semantic_v01.csv,FL_RAW,CBP,defense_cbp_rank,UNRESOLVED,UNRESOLVED,UNRESOLVED,UNRESOLVED,UNRESOLVED,CBP,REVIEW_EXISTING_FL_POLICY,UNRESOLVED,CBP,REVIEW_EXISTING_LINEAGE,RESEARCH_ONLY,0,file_count=1; sample=9
FOOTBALL_LAB,data/analysis/football_lab_parameter_registry_semantic_v01.csv,FL_RAW,CBP,defense_cbp_recent5,UNRESOLVED,UNRESOLVED,UNRESOLVED,UNRESOLVED,UNRESOLVED,CBP,REVIEW_EXISTING_FL_POLICY,UNRESOLVED,CBP,REVIEW_EXISTING_LINEAGE,RESEARCH_ONLY,0,file_count=1; sample=71.05
FOOTBALL_LAB,data/analysis/football_lab_parameter_registry_semantic_v01.csv,FL_RAW,CBP,defense_cbp_total,UNRESOLVED,UNRESOLVED,UNRESOLVED,UNRESOLVED,UNRESOLVED,CBP,REVIEW_EXISTING_FL_POLICY,UNRESOLVED,CBP,REVIEW_EXISTING_LINEAGE,RESEARCH_ONLY,0,file_count=1; sample=84.05
FOOTBALL_LAB,data/analysis/football_lab_parameter_registry_semantic_v01.csv,FL_DERIVED,SEMANTIC,defense_home_z,UNRESOLVED,UNRESOLVED,UNRESOLVED,UNRESOLVED,UNRESOLVED,SEMANTIC,REVIEW_EXISTING_FL_POLICY,UNRESOLVED,SEMANTIC,REVIEW_EXISTING_LINEAGE,RESEARCH_ONLY,0,file_count=2; sample=2.2674713109886238
FOOTBALL_LAB,data/analysis/football_lab_parameter_registry_semantic_v01.csv,FL_DERIVED,SEMANTIC,defense_z_diff_home,UNRESOLVED,UNRESOLVED,UNRESOLVED,UNRESOLVED,UNRESOLVED,SEMANTIC,REVIEW_EXISTING_FL_POLICY,UNRESOLVED,SEMANTIC,REVIEW_EXISTING_LINEAGE,RESEARCH_ONLY,0,file_count=2; sample=2.738543701052203
FOOTBALL_LAB,data/analysis/football_lab_parameter_registry_semantic_v01.csv,FL_DERIVED,SEMANTIC,defensive_last_line_internal_split,UNRESOLVED,UNRESOLVED,UNRESOLVED,UNRESOLVED,UNRESOLVED,SEMANTIC,REVIEW_EXISTING_FL_POLICY,UNRESOLVED,SEMANTIC,REVIEW_EXISTING_LINEAGE,RESEARCH_ONLY,0,file_count=2; sample=1
FOOTBALL_LAB,data/analysis/football_lab_parameter_registry_semantic_v01.csv,FL_DERIVED,SEMANTIC,defensive_last_line_z_diff_home,UNRESOLVED,UNRESOLVED,UNRESOLVED,UNRESOLVED,UNRESOLVED,SEMANTIC,REVIEW_EXISTING_FL_POLICY,UNRESOLVED,SEMANTIC,REVIEW_EXISTING_LINEAGE,RESEARCH_ONLY,0,file_count=2; sample=1.2957360330773064
FOOTBALL_LAB,data/analysis/football_lab_parameter_registry_semantic_v01.csv,FL_DERIVED,SEMANTIC,dribble_away_z,UNRESOLVED,UNRESOLVED,UNRESOLVED,UNRESOLVED,UNRESOLVED,SEMANTIC,REVIEW_EXISTING_FL_POLICY,UNRESOLVED,SEMANTIC,REVIEW_EXISTING_LINEAGE,RESEARCH_ONLY,0,file_count=2; sample=2.5550708398051243
FOOTBALL_LAB,data/analysis/football_lab_parameter_registry_semantic_v01.csv,FL_RAW,CBP,dribble_cbp_per_match,UNRESOLVED,UNRESOLVED,UNRESOLVED,UNRESOLVED,UNRESOLVED,CBP,REVIEW_EXISTING_FL_POLICY,UNRESOLVED,CBP,REVIEW_EXISTING_LINEAGE,RESEARCH_ONLY,0,file_count=1; sample=1.25
FOOTBALL_LAB,data/analysis/football_lab_parameter_registry_semantic_v01.csv,FL_RAW,CBP,dribble_cbp_rank,UNRESOLVED,UNRESOLVED,UNRESOLVED,UNRESOLVED,UNRESOLVED,CBP,REVIEW_EXISTING_FL_POLICY,UNRESOLVED,CBP,REVIEW_EXISTING_LINEAGE,RESEARCH_ONLY,0,file_count=1; sample=12
FOOTBALL_LAB,data/analysis/football_lab_parameter_registry_semantic_v01.csv,FL_RAW,CBP,dribble_cbp_recent5,UNRESOLVED,UNRESOLVED,UNRESOLVED,UNRESOLVED,UNRESOLVED,CBP,REVIEW_EXISTING_FL_POLICY,UNRESOLVED,CBP,REVIEW_EXISTING_LINEAGE,RESEARCH_ONLY,0,file_count=1; sample=6.11
FOOTBALL_LAB,data/analysis/football_lab_parameter_registry_semantic_v01.csv,FL_RAW,CBP,dribble_cbp_total,UNRESOLVED,UNRESOLVED,UNRESOLVED,UNRESOLVED,UNRESOLVED,CBP,REVIEW_EXISTING_FL_POLICY,UNRESOLVED,CBP,REVIEW_EXISTING_LINEAGE,RESEARCH_ONLY,0,file_count=1; sample=7.48
FOOTBALL_LAB,data/analysis/football_lab_parameter_registry_semantic_v01.csv,FL_DERIVED,SEMANTIC,dribble_home_z,UNRESOLVED,UNRESOLVED,UNRESOLVED,UNRESOLVED,UNRESOLVED,SEMANTIC,REVIEW_EXISTING_FL_POLICY,UNRESOLVED,SEMANTIC,REVIEW_EXISTING_LINEAGE,RESEARCH_ONLY,0,file_count=2; sample=-0.792558368002261
FOOTBALL_LAB,data/analysis/football_lab_parameter_registry_semantic_v01.csv,FL_DERIVED,SEMANTIC,dribble_z_diff_home,UNRESOLVED,UNRESOLVED,UNRESOLVED,UNRESOLVED,UNRESOLVED,SEMANTIC,REVIEW_EXISTING_FL_POLICY,UNRESOLVED,SEMANTIC,REVIEW_EXISTING_LINEAGE,RESEARCH_ONLY,0,file_count=2; sample=-3.347629207807385
FOOTBALL_LAB,data/analysis/football_lab_parameter_registry_semantic_v01.csv,UNCLASSIFIED,REVIEW,field,UNRESOLVED,UNRESOLVED,UNRESOLVED,UNRESOLVED,UNRESOLVED,META_PROVENANCE,PROVENANCE_META,UNRESOLVED,RECOVERED_EXISTING_SEMANTIC,REVIEW_EXISTING_LINEAGE,RESEARCH_ONLY,0,file_count=1; sample=source_snapshot
FOOTBALL_LAB,data/analysis/football_lab_parameter_registry_semantic_v01.csv,UNCLASSIFIED,REVIEW,field_strength,UNRESOLVED,UNRESOLVED,UNRESOLVED,UNRESOLVED,UNRESOLVED,ORIGIN_UNRESOLVED,ORIGIN_UNRESOLVED,UNRESOLVED,ORIGIN_UNRESOLVED,REVIEW_EXISTING_LINEAGE,BLOCKED_BY_MISSING,0,Value/column observed but source lineage and semantic definition not established; do not use predictively.
FOOTBALL_LAB,data/analysis/football_lab_parameter_registry_semantic_v01.csv,FL_DERIVED,HOTZONE,final_third_mean,UNRESOLVED,UNRESOLVED,UNRESOLVED,UNRESOLVED,UNRESOLVED,HOTZONE,REVIEW_EXISTING_FL_POLICY,UNRESOLVED,HOTZONE,REVIEW_EXISTING_LINEAGE,RESEARCH_ONLY,0,file_count=1; sample=0.3492063492063492
FOOTBALL_LAB,data/analysis/football_lab_parameter_registry_semantic_v01.csv,FL_DERIVED,SEMANTIC,finishing_internal_split,UNRESOLVED,UNRESOLVED,UNRESOLVED,UNRESOLVED,UNRESOLVED,SEMANTIC,REVIEW_EXISTING_FL_POLICY,UNRESOLVED,SEMANTIC,REVIEW_EXISTING_LINEAGE,RESEARCH_ONLY,0,file_count=2; sample=0
FOOTBALL_LAB,data/analysis/football_lab_parameter_registry_semantic_v01.csv,FL_DERIVED,SEMANTIC,finishing_z_diff_home,UNRESOLVED,UNRESOLVED,UNRESOLVED,UNRESOLVED,UNRESOLVED,SEMANTIC,REVIEW_EXISTING_FL_POLICY,UNRESOLVED,SEMANTIC,REVIEW_EXISTING_LINEAGE,RESEARCH_ONLY,0,file_count=2; sample=-1.0541290653591844
FOOTBALL_LAB,data/analysis/football_lab_parameter_registry_semantic_v01.csv,UNCLASSIFIED,REVIEW,fixture_team,UNRESOLVED,UNRESOLVED,UNRESOLVED,UNRESOLVED,UNRESOLVED,IDENTITY_MAPPING,IDENTITY,UNRESOLVED,RECOVERED_EXISTING_SEMANTIC,REVIEW_EXISTING_LINEAGE,RESEARCH_ONLY,0,file_count=1; sample=福岡
FOOTBALL_LAB,data/analysis/football_lab_parameter_registry_semantic_v01.csv,UNCLASSIFIED,REVIEW,fixture_team_raw,UNRESOLVED,UNRESOLVED,UNRESOLVED,UNRESOLVED,UNRESOLVED,IDENTITY_MAPPING,IDENTITY,UNRESOLVED,RECOVERED_EXISTING_SEMANTIC,REVIEW_EXISTING_LINEAGE,RESEARCH_ONLY,0,file_count=1; sample=福岡
FOOTBALL_LAB,data/analysis/football_lab_parameter_registry_semantic_v01.csv,UNCLASSIFIED,REVIEW,fl_away_goals_against,FOOTBALL_LAB_TEAM_2026_27_LEAGUE,FIXTURE_AWAY_TEAM,2026_27_SOURCE_SNAPSHOT_EXACT_CUMULATIVE_WINDOW_UNRESOLVED,GOALS,SOURCE_MEASURED,TEAM_CONCEDING_CONTEXT,FL_TEAM_LEAGUE_RESULT_CONTEXT,UNRESOLVED_HISTORICAL_OOF_REQUIRED,SOURCE_CONTRACT_RESOLVED_WINDOW_PARTIAL,REVIEW_EXISTING_LINEAGE,RESEARCH_ONLY,0,"file_count=2; sample=9 | Raw Football LAB table#ls_teamCBP directly labels source columns 6-9 as 順位/勝点/得点/失点; season page identifies 2026/27; source update date exists in HTML; exact cumulative/current-through-round window not proven. HOME/AWAY means fixture-side team, not venue-specific. Derived points/rank fields are not independent evidence."
FOOTBALL_LAB,data/analysis/football_lab_parameter_registry_semantic_v01.csv,UNCLASSIFIED,REVIEW,fl_away_goals_for,FOOTBALL_LAB_TEAM_2026_27_LEAGUE,FIXTURE_AWAY_TEAM,2026_27_SOURCE_SNAPSHOT_EXACT_CUMULATIVE_WINDOW_UNRESOLVED,GOALS,SOURCE_MEASURED,TEAM_SCORING_CONTEXT,FL_TEAM_LEAGUE_RESULT_CONTEXT,UNRESOLVED_HISTORICAL_OOF_REQUIRED,SOURCE_CONTRACT_RESOLVED_WINDOW_PARTIAL,REVIEW_EXISTING_LINEAGE,RESEARCH_ONLY,0,"file_count=2; sample=12 | Raw Football LAB table#ls_teamCBP directly labels source columns 6-9 as 順位/勝点/得点/失点; season page identifies 2026/27; source update date exists in HTML; exact cumulative/current-through-round window not proven. HOME/AWAY means fixture-side team, not venue-specific. Derived points/rank fields are not independent evidence."
FOOTBALL_LAB,data/analysis/football_lab_parameter_registry_semantic_v01.csv,META,PROVENANCE,fl_away_join_method,UNRESOLVED,UNRESOLVED,UNRESOLVED,UNRESOLVED,UNRESOLVED,PROVENANCE,REVIEW_EXISTING_FL_POLICY,UNRESOLVED,PROVENANCE,REVIEW_EXISTING_LINEAGE,RESEARCH_ONLY,0,file_count=2; sample=ALIAS
FOOTBALL_LAB,data/analysis/football_lab_parameter_registry_semantic_v01.csv,UNCLASSIFIED,REVIEW,fl_away_league,UNRESOLVED,UNRESOLVED,UNRESOLVED,UNRESOLVED,UNRESOLVED,IDENTITY_MAPPING,IDENTITY,UNRESOLVED,RECOVERED_EXISTING_SEMANTIC,REVIEW_EXISTING_LINEAGE,RESEARCH_ONLY,0,file_count=2; sample=J1
FOOTBALL_LAB,data/analysis/football_lab_parameter_registry_semantic_v01.csv,UNCLASSIFIED,REVIEW,fl_away_league_points,FOOTBALL_LAB_TEAM_2026_27_LEAGUE,FIXTURE_AWAY_TEAM,2026_27_SOURCE_SNAPSHOT_EXACT_CUMULATIVE_WINDOW_UNRESOLVED,LEAGUE_POINTS,SOURCE_MEASURED,TEAM_LEAGUE_CONTEXT,FL_TEAM_LEAGUE_RESULT_CONTEXT,UNRESOLVED_HISTORICAL_OOF_REQUIRED,SOURCE_CONTRACT_RESOLVED_WINDOW_PARTIAL,REVIEW_EXISTING_LINEAGE,RESEARCH_ONLY,0,"file_count=2; sample=9 | Raw Football LAB table#ls_teamCBP directly labels source columns 6-9 as 順位/勝点/得点/失点; season page identifies 2026/27; source update date exists in HTML; exact cumulative/current-through-round window not proven. HOME/AWAY means fixture-side team, not venue-specific. Derived points/rank fields are not independent evidence."
FOOTBALL_LAB,data/analysis/football_lab_parameter_registry_semantic_v01.csv,UNCLASSIFIED,REVIEW,fl_away_league_rank,FOOTBALL_LAB_TEAM_2026_27_LEAGUE,FIXTURE_AWAY_TEAM,2026_27_SOURCE_SNAPSHOT_EXACT_CUMULATIVE_WINDOW_UNRESOLVED,LEAGUE_RANK,SOURCE_MEASURED,TEAM_LEAGUE_CONTEXT,FL_TEAM_LEAGUE_RESULT_CONTEXT,UNRESOLVED_HISTORICAL_OOF_REQUIRED,SOURCE_CONTRACT_RESOLVED_WINDOW_PARTIAL,REVIEW_EXISTING_LINEAGE,RESEARCH_ONLY,0,"file_count=2; sample=10 | Raw Football LAB table#ls_teamCBP directly labels source columns 6-9 as 順位/勝点/得点/失点; season page identifies 2026/27; source update date exists in HTML; exact cumulative/current-through-round window not proven. HOME/AWAY means fixture-side team, not venue-specific. Derived points/rank fields are not independent evidence."
FOOTBALL_LAB,data/analysis/football_lab_parameter_registry_semantic_v01.csv,UNCLASSIFIED,REVIEW,fl_away_team_short,UNRESOLVED,UNRESOLVED,UNRESOLVED,UNRESOLVED,UNRESOLVED,IDENTITY_MAPPING,IDENTITY,UNRESOLVED,RECOVERED_EXISTING_SEMANTIC,REVIEW_EXISTING_LINEAGE,RESEARCH_ONLY,0,file_count=2; sample=川崎Ｆ
FOOTBALL_LAB,data/analysis/football_lab_parameter_registry_semantic_v01.csv,UNCLASSIFIED,REVIEW,fl_cross_away_per_match,TEAM_WITHIN_LEAGUE_CBP_CATEGORY,FIXTURE_AWAY_TEAM,SOURCE_PER_MATCH_WINDOW_EXACT_DENOMINATOR_UNRESOLVED,UNRESOLVED,SOURCE_MEASURED,WIDTH_ATTACK,FL_CBP_CROSS,UNRESOLVED,RECOVERED_EXISTING_SEMANTIC,REVIEW_EXISTING_LINEAGE,RESEARCH_ONLY,0,file_count=2; sample=1.72 | FL_CBP_CONTRACT_20261004: current J1/J2/J3 semantic-v2 preserved 2160/2160 source CBP values exactly; rank/total/per_match/recent5 source-measured; recent5_avg=recent5/5; diff_home=HOME-AWAY; rank_adv_home=AWAY_RANK-HOME_RANK; unit/exact denominator/DRAW relation unresolved.
FOOTBALL_LAB,data/analysis/football_lab_parameter_registry_semantic_v01.csv,UNCLASSIFIED,REVIEW,fl_cross_away_rank,TEAM_WITHIN_LEAGUE_CBP_CATEGORY,FIXTURE_AWAY_TEAM,SOURCE_RANK_WINDOW_EXACT_DEFINITION_UNRESOLVED,UNRESOLVED,SOURCE_MEASURED,WIDTH_ATTACK,FL_CBP_CROSS,UNRESOLVED,RECOVERED_EXISTING_SEMANTIC,REVIEW_EXISTING_LINEAGE,RESEARCH_ONLY,0,file_count=2; sample=11 | FL_CBP_CONTRACT_20261004: current J1/J2/J3 semantic-v2 preserved 2160/2160 source CBP values exactly; rank/total/per_match/recent5 source-measured; recent5_avg=recent5/5; diff_home=HOME-AWAY; rank_adv_home=AWAY_RANK-HOME_RANK; unit/exact denominator/DRAW relation unresolved.
FOOTBALL_LAB,data/analysis/football_lab_parameter_registry_semantic_v01.csv,UNCLASSIFIED,REVIEW,fl_cross_away_recent5,TEAM_WITHIN_LEAGUE_CBP_CATEGORY,FIXTURE_AWAY_TEAM,SOURCE_RECENT5_CUMULATIVE,UNRESOLVED,SOURCE_MEASURED,WIDTH_ATTACK,FL_CBP_CROSS,UNRESOLVED,RECOVERED_EXISTING_SEMANTIC,REVIEW_EXISTING_LINEAGE,RESEARCH_ONLY,0,file_count=2; sample=8.78 | FL_CBP_CONTRACT_20261004: current J1/J2/J3 semantic-v2 preserved 2160/2160 source CBP values exactly; rank/total/per_match/recent5 source-measured; recent5_avg=recent5/5; diff_home=HOME-AWAY; rank_adv_home=AWAY_RANK-HOME_RANK; unit/exact denominator/DRAW relation unresolved.
FOOTBALL_LAB,data/analysis/football_lab_parameter_registry_semantic_v01.csv,UNCLASSIFIED,REVIEW,fl_cross_away_total,TEAM_WITHIN_LEAGUE_CBP_CATEGORY,FIXTURE_AWAY_TEAM,SOURCE_CUMULATIVE_WINDOW_EXACT_DEFINITION_UNRESOLVED,UNRESOLVED,SOURCE_MEASURED,WIDTH_ATTACK,FL_CBP_CROSS,UNRESOLVED,RECOVERED_EXISTING_SEMANTIC,REVIEW_EXISTING_LINEAGE,RESEARCH_ONLY,0,file_count=2; sample=10.3 | FL_CBP_CONTRACT_20261004: current J1/J2/J3 semantic-v2 preserved 2160/2160 source CBP values exactly; rank/total/per_match/recent5 source-measured; recent5_avg=recent5/5; diff_home=HOME-AWAY; rank_adv_home=AWAY_RANK-HOME_RANK; unit/exact denominator/DRAW relation unresolved.
FOOTBALL_LAB,data/analysis/football_lab_parameter_registry_semantic_v01.csv,UNCLASSIFIED,REVIEW,fl_cross_diff_home_per_match,TEAM_WITHIN_LEAGUE_CBP_CATEGORY,FIXTURE_HOME_TEAM,SOURCE_PER_MATCH_WINDOW_EXACT_DENOMINATOR_UNRESOLVED,UNRESOLVED,SOURCE_MEASURED,WIDTH_ATTACK_DERIVED,FL_CBP_CROSS,UNRESOLVED,RECOVERED_EXISTING_SEMANTIC,REVIEW_EXISTING_LINEAGE,RESEARCH_ONLY,0,file_count=2; sample=-0.09999999999999987 | FL_CBP_CONTRACT_20261004: current J1/J2/J3 semantic-v2 preserved 2160/2160 source CBP values exactly; rank/total/per_match/recent5 source-measured; recent5_avg=recent5/5; diff_home=HOME-AWAY; rank_adv_home=AWAY_RANK-HOME_RANK; unit/exact denominator/DRAW relation unresolved.
FOOTBALL_LAB,data/analysis/football_lab_parameter_registry_semantic_v01.csv,UNCLASSIFIED,REVIEW,fl_cross_diff_home_recent5,TEAM_WITHIN_LEAGUE_CBP_CATEGORY,FIXTURE_HOME_TEAM,SOURCE_RECENT5_CUMULATIVE,UNRESOLVED,SOURCE_MEASURED,WIDTH_ATTACK_DERIVED,FL_CBP_CROSS,UNRESOLVED,RECOVERED_EXISTING_SEMANTIC,REVIEW_EXISTING_LINEAGE,RESEARCH_ONLY,0,file_count=2; sample=-0.5099999999999998 | FL_CBP_CONTRACT_20261004: current J1/J2/J3 semantic-v2 preserved 2160/2160 source CBP values exactly; rank/total/per_match/recent5 source-measured; recent5_avg=recent5/5; diff_home=HOME-AWAY; rank_adv_home=AWAY_RANK-HOME_RANK; unit/exact denominator/DRAW relation unresolved.
FOOTBALL_LAB,data/analysis/football_lab_parameter_registry_semantic_v01.csv,UNCLASSIFIED,REVIEW,fl_cross_diff_home_total,TEAM_WITHIN_LEAGUE_CBP_CATEGORY,FIXTURE_HOME_TEAM,SOURCE_CUMULATIVE_WINDOW_EXACT_DEFINITION_UNRESOLVED,UNRESOLVED,SOURCE_MEASURED,WIDTH_ATTACK_DERIVED,FL_CBP_CROSS,UNRESOLVED,RECOVERED_EXISTING_SEMANTIC,REVIEW_EXISTING_LINEAGE,RESEARCH_ONLY,0,file_count=2; sample=-0.6000000000000014 | FL_CBP_CONTRACT_20261004: current J1/J2/J3 semantic-v2 preserved 2160/2160 source CBP values exactly; rank/total/per_match/recent5 source-measured; recent5_avg=recent5/5; diff_home=HOME-AWAY; rank_adv_home=AWAY_RANK-HOME_RANK; unit/exact denominator/DRAW relation unresolved.
FOOTBALL_LAB,data/analysis/football_lab_parameter_registry_semantic_v01.csv,UNCLASSIFIED,REVIEW,fl_cross_home_per_match,TEAM_WITHIN_LEAGUE_CBP_CATEGORY,FIXTURE_HOME_TEAM,SOURCE_PER_MATCH_WINDOW_EXACT_DENOMINATOR_UNRESOLVED,UNRESOLVED,SOURCE_MEASURED,WIDTH_ATTACK,FL_CBP_CROSS,UNRESOLVED,RECOVERED_EXISTING_SEMANTIC,REVIEW_EXISTING_LINEAGE,RESEARCH_ONLY,0,file_count=2; sample=1.62 | FL_CBP_CONTRACT_20261004: current J1/J2/J3 semantic-v2 preserved 2160/2160 source CBP values exactly; rank/total/per_match/recent5 source-measured; recent5_avg=recent5/5; diff_home=HOME-AWAY; rank_adv_home=AWAY_RANK-HOME_RANK; unit/exact denominator/DRAW relation unresolved.
FOOTBALL_LAB,data/analysis/football_lab_parameter_registry_semantic_v01.csv,UNCLASSIFIED,REVIEW,fl_cross_home_rank,TEAM_WITHIN_LEAGUE_CBP_CATEGORY,FIXTURE_HOME_TEAM,SOURCE_RANK_WINDOW_EXACT_DEFINITION_UNRESOLVED,UNRESOLVED,SOURCE_MEASURED,WIDTH_ATTACK,FL_CBP_CROSS,UNRESOLVED,RECOVERED_EXISTING_SEMANTIC,REVIEW_EXISTING_LINEAGE,RESEARCH_ONLY,0,file_count=2; sample=12 | FL_CBP_CONTRACT_20261004: current J1/J2/J3 semantic-v2 preserved 2160/2160 source CBP values exactly; rank/total/per_match/recent5 source-measured; recent5_avg=recent5/5; diff_home=HOME-AWAY; rank_adv_home=AWAY_RANK-HOME_RANK; unit/exact denominator/DRAW relation unresolved.
FOOTBALL_LAB,data/analysis/football_lab_parameter_registry_semantic_v01.csv,UNCLASSIFIED,REVIEW,fl_cross_home_recent5,TEAM_WITHIN_LEAGUE_CBP_CATEGORY,FIXTURE_HOME_TEAM,SOURCE_RECENT5_CUMULATIVE,UNRESOLVED,SOURCE_MEASURED,WIDTH_ATTACK,FL_CBP_CROSS,UNRESOLVED,RECOVERED_EXISTING_SEMANTIC,REVIEW_EXISTING_LINEAGE,RESEARCH_ONLY,0,file_count=2; sample=8.27 | FL_CBP_CONTRACT_20261004: current J1/J2/J3 semantic-v2 preserved 2160/2160 source CBP values exactly; rank/total/per_match/recent5 source-measured; recent5_avg=recent5/5; diff_home=HOME-AWAY; rank_adv_home=AWAY_RANK-HOME_RANK; unit/exact denominator/DRAW relation unresolved.
FOOTBALL_LAB,data/analysis/football_lab_parameter_registry_semantic_v01.csv,UNCLASSIFIED,REVIEW,fl_cross_home_total,TEAM_WITHIN_LEAGUE_CBP_CATEGORY,FIXTURE_HOME_TEAM,SOURCE_CUMULATIVE_WINDOW_EXACT_DEFINITION_UNRESOLVED,UNRESOLVED,SOURCE_MEASURED,WIDTH_ATTACK,FL_CBP_CROSS,UNRESOLVED,RECOVERED_EXISTING_SEMANTIC,REVIEW_EXISTING_LINEAGE,RESEARCH_ONLY,0,file_count=2; sample=9.7 | FL_CBP_CONTRACT_20261004: current J1/J2/J3 semantic-v2 preserved 2160/2160 source CBP values exactly; rank/total/per_match/recent5 source-measured; recent5_avg=recent5/5; diff_home=HOME-AWAY; rank_adv_home=AWAY_RANK-HOME_RANK; unit/exact denominator/DRAW relation unresolved.
FOOTBALL_LAB,data/analysis/football_lab_parameter_registry_semantic_v01.csv,UNCLASSIFIED,REVIEW,fl_cross_rank_adv_home,TEAM_WITHIN_LEAGUE_CBP_CATEGORY,HOME_MINUS_AWAY_DERIVED,SOURCE_RANK_WINDOW_EXACT_DEFINITION_UNRESOLVED,UNRESOLVED,DERIVED_AWAY_RANK_MINUS_HOME_RANK,WIDTH_ATTACK_DERIVED,FL_CBP_CROSS,UNRESOLVED,RECOVERED_EXISTING_SEMANTIC,REVIEW_EXISTING_LINEAGE,RESEARCH_ONLY,0,file_count=2; sample=-1 | FL_CBP_CONTRACT_20261004: current J1/J2/J3 semantic-v2 preserved 2160/2160 source CBP values exactly; rank/total/per_match/recent5 source-measured; recent5_avg=recent5/5; diff_home=HOME-AWAY; rank_adv_home=AWAY_RANK-HOME_RANK; unit/exact denominator/DRAW relation unresolved.
FOOTBALL_LAB,data/analysis/football_lab_parameter_registry_semantic_v01.csv,UNCLASSIFIED,REVIEW,fl_defense_away_per_match,TEAM_WITHIN_LEAGUE_CBP_CATEGORY,FIXTURE_AWAY_TEAM,SOURCE_PER_MATCH_WINDOW_EXACT_DENOMINATOR_UNRESOLVED,UNRESOLVED,SOURCE_MEASURED,DEFENSIVE_ACTIVITY_CONTEXT,FL_CBP_DEFENSE,UNRESOLVED,RECOVERED_EXISTING_SEMANTIC,REVIEW_EXISTING_LINEAGE,RESEARCH_ONLY,0,file_count=2; sample=12.77 | FL_CBP_CONTRACT_20261004: current J1/J2/J3 semantic-v2 preserved 2160/2160 source CBP values exactly; rank/total/per_match/recent5 source-measured; recent5_avg=recent5/5; diff_home=HOME-AWAY; rank_adv_home=AWAY_RANK-HOME_RANK; unit/exact denominator/DRAW relation unresolved.
FOOTBALL_LAB,data/analysis/football_lab_parameter_registry_semantic_v01.csv,UNCLASSIFIED,REVIEW,fl_defense_away_rank,TEAM_WITHIN_LEAGUE_CBP_CATEGORY,FIXTURE_AWAY_TEAM,SOURCE_RANK_WINDOW_EXACT_DEFINITION_UNRESOLVED,UNRESOLVED,SOURCE_MEASURED,DEFENSIVE_ACTIVITY_CONTEXT,FL_CBP_DEFENSE,UNRESOLVED,RECOVERED_EXISTING_SEMANTIC,REVIEW_EXISTING_LINEAGE,RESEARCH_ONLY,0,file_count=2; sample=14 | FL_CBP_CONTRACT_20261004: current J1/J2/J3 semantic-v2 preserved 2160/2160 source CBP values exactly; rank/total/per_match/recent5 source-measured; recent5_avg=recent5/5; diff_home=HOME-AWAY; rank_adv_home=AWAY_RANK-HOME_RANK; unit/exact denominator/DRAW relation unresolved.
FOOTBALL_LAB,data/analysis/football_lab_parameter_registry_semantic_v01.csv,UNCLASSIFIED,REVIEW,fl_defense_away_recent5,TEAM_WITHIN_LEAGUE_CBP_CATEGORY,FIXTURE_AWAY_TEAM,SOURCE_RECENT5_CUMULATIVE,UNRESOLVED,SOURCE_MEASURED,DEFENSIVE_ACTIVITY_CONTEXT,FL_CBP_DEFENSE,UNRESOLVED,RECOVERED_EXISTING_SEMANTIC,REVIEW_EXISTING_LINEAGE,RESEARCH_ONLY,0,file_count=2; sample=69.53 | FL_CBP_CONTRACT_20261004: current J1/J2/J3 semantic-v2 preserved 2160/2160 source CBP values exactly; rank/total/per_match/recent5 source-measured; recent5_avg=recent5/5; diff_home=HOME-AWAY; rank_adv_home=AWAY_RANK-HOME_RANK; unit/exact denominator/DRAW relation unresolved.
FOOTBALL_LAB,data/analysis/football_lab_parameter_registry_semantic_v01.csv,UNCLASSIFIED,REVIEW,fl_defense_away_total,TEAM_WITHIN_LEAGUE_CBP_CATEGORY,FIXTURE_AWAY_TEAM,SOURCE_CUMULATIVE_WINDOW_EXACT_DEFINITION_UNRESOLVED,UNRESOLVED,SOURCE_MEASURED,DEFENSIVE_ACTIVITY_CONTEXT,FL_CBP_DEFENSE,UNRESOLVED,RECOVERED_EXISTING_SEMANTIC,REVIEW_EXISTING_LINEAGE,RESEARCH_ONLY,0,file_count=2; sample=76.6 | FL_CBP_CONTRACT_20261004: current J1/J2/J3 semantic-v2 preserved 2160/2160 source CBP values exactly; rank/total/per_match/recent5 source-measured; recent5_avg=recent5/5; diff_home=HOME-AWAY; rank_adv_home=AWAY_RANK-HOME_RANK; unit/exact denominator/DRAW relation unresolved.
FOOTBALL_LAB,data/analysis/football_lab_parameter_registry_semantic_v01.csv,UNCLASSIFIED,REVIEW,fl_defense_diff_home_per_match,TEAM_WITHIN_LEAGUE_CBP_CATEGORY,FIXTURE_HOME_TEAM,SOURCE_PER_MATCH_WINDOW_EXACT_DENOMINATOR_UNRESOLVED,UNRESOLVED,SOURCE_MEASURED,DEFENSIVE_ACTIVITY_CONTEXT_DERIVED,FL_CBP_DEFENSE,UNRESOLVED,RECOVERED_EXISTING_SEMANTIC,REVIEW_EXISTING_LINEAGE,RESEARCH_ONLY,0,file_count=2; sample=5.109999999999999 | FL_CBP_CONTRACT_20261004: current J1/J2/J3 semantic-v2 preserved 2160/2160 source CBP values exactly; rank/total/per_match/recent5 source-measured; recent5_avg=recent5/5; diff_home=HOME-AWAY; rank_adv_home=AWAY_RANK-HOME_RANK; unit/exact denominator/DRAW relation unresolved.
FOOTBALL_LAB,data/analysis/football_lab_parameter_registry_semantic_v01.csv,UNCLASSIFIED,REVIEW,fl_defense_diff_home_recent5,TEAM_WITHIN_LEAGUE_CBP_CATEGORY,FIXTURE_HOME_TEAM,SOURCE_RECENT5_CUMULATIVE,UNRESOLVED,SOURCE_MEASURED,DEFENSIVE_ACTIVITY_CONTEXT_DERIVED,FL_CBP_DEFENSE,UNRESOLVED,RECOVERED_EXISTING_SEMANTIC,REVIEW_EXISTING_LINEAGE,RESEARCH_ONLY,0,file_count=2; sample=27.289999999999992 | FL_CBP_CONTRACT_20261004: current J1/J2/J3 semantic-v2 preserved 2160/2160 source CBP values exactly; rank/total/per_match/recent5 source-measured; recent5_avg=recent5/5; diff_home=HOME-AWAY; rank_adv_home=AWAY_RANK-HOME_RANK; unit/exact denominator/DRAW relation unresolved.
FOOTBALL_LAB,data/analysis/football_lab_parameter_registry_semantic_v01.csv,UNCLASSIFIED,REVIEW,fl_defense_diff_home_total,TEAM_WITHIN_LEAGUE_CBP_CATEGORY,FIXTURE_HOME_TEAM,SOURCE_CUMULATIVE_WINDOW_EXACT_DEFINITION_UNRESOLVED,UNRESOLVED,SOURCE_MEASURED,DEFENSIVE_ACTIVITY_CONTEXT_DERIVED,FL_CBP_DEFENSE,UNRESOLVED,RECOVERED_EXISTING_SEMANTIC,REVIEW_EXISTING_LINEAGE,RESEARCH_ONLY,0,file_count=2; sample=30.710000000000008 | FL_CBP_CONTRACT_20261004: current J1/J2/J3 semantic-v2 preserved 2160/2160 source CBP values exactly; rank/total/per_match/recent5 source-measured; recent5_avg=recent5/5; diff_home=HOME-AWAY; rank_adv_home=AWAY_RANK-HOME_RANK; unit/exact denominator/DRAW relation unresolved.
FOOTBALL_LAB,data/analysis/football_lab_parameter_registry_semantic_v01.csv,UNCLASSIFIED,REVIEW,fl_defense_home_per_match,TEAM_WITHIN_LEAGUE_CBP_CATEGORY,FIXTURE_HOME_TEAM,SOURCE_PER_MATCH_WINDOW_EXACT_DENOMINATOR_UNRESOLVED,UNRESOLVED,SOURCE_MEASURED,DEFENSIVE_ACTIVITY_CONTEXT,FL_CBP_DEFENSE,UNRESOLVED,RECOVERED_EXISTING_SEMANTIC,REVIEW_EXISTING_LINEAGE,RESEARCH_ONLY,0,file_count=2; sample=17.88 | FL_CBP_CONTRACT_20261004: current J1/J2/J3 semantic-v2 preserved 2160/2160 source CBP values exactly; rank/total/per_match/recent5 source-measured; recent5_avg=recent5/5; diff_home=HOME-AWAY; rank_adv_home=AWAY_RANK-HOME_RANK; unit/exact denominator/DRAW relation unresolved.
FOOTBALL_LAB,data/analysis/football_lab_parameter_registry_semantic_v01.csv,UNCLASSIFIED,REVIEW,fl_defense_home_rank,TEAM_WITHIN_LEAGUE_CBP_CATEGORY,FIXTURE_HOME_TEAM,SOURCE_RANK_WINDOW_EXACT_DEFINITION_UNRESOLVED,UNRESOLVED,SOURCE_MEASURED,DEFENSIVE_ACTIVITY_CONTEXT,FL_CBP_DEFENSE,UNRESOLVED,RECOVERED_EXISTING_SEMANTIC,REVIEW_EXISTING_LINEAGE,RESEARCH_ONLY,0,file_count=2; sample=1 | FL_CBP_CONTRACT_20261004: current J1/J2/J3 semantic-v2 preserved 2160/2160 source CBP values exactly; rank/total/per_match/recent5 source-measured; recent5_avg=recent5/5; diff_home=HOME-AWAY; rank_adv_home=AWAY_RANK-HOME_RANK; unit/exact denominator/DRAW relation unresolved.
FOOTBALL_LAB,data/analysis/football_lab_parameter_registry_semantic_v01.csv,UNCLASSIFIED,REVIEW,fl_defense_home_recent5,TEAM_WITHIN_LEAGUE_CBP_CATEGORY,FIXTURE_HOME_TEAM,SOURCE_RECENT5_CUMULATIVE,UNRESOLVED,SOURCE_MEASURED,DEFENSIVE_ACTIVITY_CONTEXT,FL_CBP_DEFENSE,UNRESOLVED,RECOVERED_EXISTING_SEMANTIC,REVIEW_EXISTING_LINEAGE,RESEARCH_ONLY,0,file_count=2; sample=96.82 | FL_CBP_CONTRACT_20261004: current J1/J2/J3 semantic-v2 preserved 2160/2160 source CBP values exactly; rank/total/per_match/recent5 source-measured; recent5_avg=recent5/5; diff_home=HOME-AWAY; rank_adv_home=AWAY_RANK-HOME_RANK; unit/exact denominator/DRAW relation unresolved.
FOOTBALL_LAB,data/analysis/football_lab_parameter_registry_semantic_v01.csv,UNCLASSIFIED,REVIEW,fl_defense_home_total,TEAM_WITHIN_LEAGUE_CBP_CATEGORY,FIXTURE_HOME_TEAM,SOURCE_CUMULATIVE_WINDOW_EXACT_DEFINITION_UNRESOLVED,UNRESOLVED,SOURCE_MEASURED,DEFENSIVE_ACTIVITY_CONTEXT,FL_CBP_DEFENSE,UNRESOLVED,RECOVERED_EXISTING_SEMANTIC,REVIEW_EXISTING_LINEAGE,RESEARCH_ONLY,0,file_count=2; sample=107.31 | FL_CBP_CONTRACT_20261004: current J1/J2/J3 semantic-v2 preserved 2160/2160 source CBP values exactly; rank/total/per_match/recent5 source-measured; recent5_avg=recent5/5; diff_home=HOME-AWAY; rank_adv_home=AWAY_RANK-HOME_RANK; unit/exact denominator/DRAW relation unresolved.
FOOTBALL_LAB,data/analysis/football_lab_parameter_registry_semantic_v01.csv,UNCLASSIFIED,REVIEW,fl_defense_rank_adv_home,TEAM_WITHIN_LEAGUE_CBP_CATEGORY,HOME_MINUS_AWAY_DERIVED,SOURCE_RANK_WINDOW_EXACT_DEFINITION_UNRESOLVED,UNRESOLVED,DERIVED_AWAY_RANK_MINUS_HOME_RANK,DEFENSIVE_ACTIVITY_CONTEXT_DERIVED,FL_CBP_DEFENSE,UNRESOLVED,RECOVERED_EXISTING_SEMANTIC,REVIEW_EXISTING_LINEAGE,RESEARCH_ONLY,0,file_count=2; sample=13 | FL_CBP_CONTRACT_20261004: current J1/J2/J3 semantic-v2 preserved 2160/2160 source CBP values exactly; rank/total/per_match/recent5 source-measured; recent5_avg=recent5/5; diff_home=HOME-AWAY; rank_adv_home=AWAY_RANK-HOME_RANK; unit/exact denominator/DRAW relation unresolved.
FOOTBALL_LAB,data/analysis/football_lab_parameter_registry_semantic_v01.csv,UNCLASSIFIED,REVIEW,fl_dribble_away_per_match,TEAM_WITHIN_LEAGUE_CBP_CATEGORY,FIXTURE_AWAY_TEAM,SOURCE_PER_MATCH_WINDOW_EXACT_DENOMINATOR_UNRESOLVED,UNRESOLVED,SOURCE_MEASURED,BALL_PROGRESSION,FL_CBP_DRIBBLE,UNRESOLVED,RECOVERED_EXISTING_SEMANTIC,REVIEW_EXISTING_LINEAGE,RESEARCH_ONLY,0,file_count=2; sample=2.24 | FL_CBP_CONTRACT_20261004: current J1/J2/J3 semantic-v2 preserved 2160/2160 source CBP values exactly; rank/total/per_match/recent5 source-measured; recent5_avg=recent5/5; diff_home=HOME-AWAY; rank_adv_home=AWAY_RANK-HOME_RANK; unit/exact denominator/DRAW relation unresolved.
FOOTBALL_LAB,data/analysis/football_lab_parameter_registry_semantic_v01.csv,UNCLASSIFIED,REVIEW,fl_dribble_away_rank,TEAM_WITHIN_LEAGUE_CBP_CATEGORY,FIXTURE_AWAY_TEAM,SOURCE_RANK_WINDOW_EXACT_DEFINITION_UNRESOLVED,UNRESOLVED,SOURCE_MEASURED,BALL_PROGRESSION,FL_CBP_DRIBBLE,UNRESOLVED,RECOVERED_EXISTING_SEMANTIC,REVIEW_EXISTING_LINEAGE,RESEARCH_ONLY,0,file_count=2; sample=1 | FL_CBP_CONTRACT_20261004: current J1/J2/J3 semantic-v2 preserved 2160/2160 source CBP values exactly; rank/total/per_match/recent5 source-measured; recent5_avg=recent5/5; diff_home=HOME-AWAY; rank_adv_home=AWAY_RANK-HOME_RANK; unit/exact denominator/DRAW relation unresolved.
FOOTBALL_LAB,data/analysis/football_lab_parameter_registry_semantic_v01.csv,UNCLASSIFIED,REVIEW,fl_dribble_away_recent5,TEAM_WITHIN_LEAGUE_CBP_CATEGORY,FIXTURE_AWAY_TEAM,SOURCE_RECENT5_CUMULATIVE,UNRESOLVED,SOURCE_MEASURED,BALL_PROGRESSION,FL_CBP_DRIBBLE,UNRESOLVED,RECOVERED_EXISTING_SEMANTIC,REVIEW_EXISTING_LINEAGE,RESEARCH_ONLY,0,file_count=2; sample=11.66 | FL_CBP_CONTRACT_20261004: current J1/J2/J3 semantic-v2 preserved 2160/2160 source CBP values exactly; rank/total/per_match/recent5 source-measured; recent5_avg=recent5/5; diff_home=HOME-AWAY; rank_adv_home=AWAY_RANK-HOME_RANK; unit/exact denominator/DRAW relation unresolved.
FOOTBALL_LAB,data/analysis/football_lab_parameter_registry_semantic_v01.csv,UNCLASSIFIED,REVIEW,fl_dribble_away_total,TEAM_WITHIN_LEAGUE_CBP_CATEGORY,FIXTURE_AWAY_TEAM,SOURCE_CUMULATIVE_WINDOW_EXACT_DEFINITION_UNRESOLVED,UNRESOLVED,SOURCE_MEASURED,BALL_PROGRESSION,FL_CBP_DRIBBLE,UNRESOLVED,RECOVERED_EXISTING_SEMANTIC,REVIEW_EXISTING_LINEAGE,RESEARCH_ONLY,0,file_count=2; sample=13.44 | FL_CBP_CONTRACT_20261004: current J1/J2/J3 semantic-v2 preserved 2160/2160 source CBP values exactly; rank/total/per_match/recent5 source-measured; recent5_avg=recent5/5; diff_home=HOME-AWAY; rank_adv_home=AWAY_RANK-HOME_RANK; unit/exact denominator/DRAW relation unresolved.
FOOTBALL_LAB,data/analysis/football_lab_parameter_registry_semantic_v01.csv,UNCLASSIFIED,REVIEW,fl_dribble_diff_home_per_match,TEAM_WITHIN_LEAGUE_CBP_CATEGORY,FIXTURE_HOME_TEAM,SOURCE_PER_MATCH_WINDOW_EXACT_DENOMINATOR_UNRESOLVED,UNRESOLVED,SOURCE_MEASURED,BALL_PROGRESSION_DERIVED,FL_CBP_DRIBBLE,UNRESOLVED,RECOVERED_EXISTING_SEMANTIC,REVIEW_EXISTING_LINEAGE,RESEARCH_ONLY,0,file_count=2; sample=-1.1700000000000002 | FL_CBP_CONTRACT_20261004: current J1/J2/J3 semantic-v2 preserved 2160/2160 source CBP values exactly; rank/total/per_match/recent5 source-measured; recent5_avg=recent5/5; diff_home=HOME-AWAY; rank_adv_home=AWAY_RANK-HOME_RANK; unit/exact denominator/DRAW relation unresolved.
FOOTBALL_LAB,data/analysis/football_lab_parameter_registry_semantic_v01.csv,UNCLASSIFIED,REVIEW,fl_dribble_diff_home_recent5,TEAM_WITHIN_LEAGUE_CBP_CATEGORY,FIXTURE_HOME_TEAM,SOURCE_RECENT5_CUMULATIVE,UNRESOLVED,SOURCE_MEASURED,BALL_PROGRESSION_DERIVED,FL_CBP_DRIBBLE,UNRESOLVED,RECOVERED_EXISTING_SEMANTIC,REVIEW_EXISTING_LINEAGE,RESEARCH_ONLY,0,file_count=2; sample=-5.8 | FL_CBP_CONTRACT_20261004: current J1/J2/J3 semantic-v2 preserved 2160/2160 source CBP values exactly; rank/total/per_match/recent5 source-measured; recent5_avg=recent5/5; diff_home=HOME-AWAY; rank_adv_home=AWAY_RANK-HOME_RANK; unit/exact denominator/DRAW relation unresolved.
FOOTBALL_LAB,data/analysis/football_lab_parameter_registry_semantic_v01.csv,UNCLASSIFIED,REVIEW,fl_dribble_diff_home_total,TEAM_WITHIN_LEAGUE_CBP_CATEGORY,FIXTURE_HOME_TEAM,SOURCE_CUMULATIVE_WINDOW_EXACT_DEFINITION_UNRESOLVED,UNRESOLVED,SOURCE_MEASURED,BALL_PROGRESSION_DERIVED,FL_CBP_DRIBBLE,UNRESOLVED,RECOVERED_EXISTING_SEMANTIC,REVIEW_EXISTING_LINEAGE,RESEARCH_ONLY,0,file_count=2; sample=-7.029999999999999 | FL_CBP_CONTRACT_20261004: current J1/J2/J3 semantic-v2 preserved 2160/2160 source CBP values exactly; rank/total/per_match/recent5 source-measured; recent5_avg=recent5/5; diff_home=HOME-AWAY; rank_adv_home=AWAY_RANK-HOME_RANK; unit/exact denominator/DRAW relation unresolved.
FOOTBALL_LAB,data/analysis/football_lab_parameter_registry_semantic_v01.csv,UNCLASSIFIED,REVIEW,fl_dribble_home_per_match,TEAM_WITHIN_LEAGUE_CBP_CATEGORY,FIXTURE_HOME_TEAM,SOURCE_PER_MATCH_WINDOW_EXACT_DENOMINATOR_UNRESOLVED,UNRESOLVED,SOURCE_MEASURED,BALL_PROGRESSION,FL_CBP_DRIBBLE,UNRESOLVED,RECOVERED_EXISTING_SEMANTIC,REVIEW_EXISTING_LINEAGE,RESEARCH_ONLY,0,file_count=2; sample=1.07 | FL_CBP_CONTRACT_20261004: current J1/J2/J3 semantic-v2 preserved 2160/2160 source CBP values exactly; rank/total/per_match/recent5 source-measured; recent5_avg=recent5/5; diff_home=HOME-AWAY; rank_adv_home=AWAY_RANK-HOME_RANK; unit/exact denominator/DRAW relation unresolved.
FOOTBALL_LAB,data/analysis/football_lab_parameter_registry_semantic_v01.csv,UNCLASSIFIED,REVIEW,fl_dribble_home_rank,TEAM_WITHIN_LEAGUE_CBP_CATEGORY,FIXTURE_HOME_TEAM,SOURCE_RANK_WINDOW_EXACT_DEFINITION_UNRESOLVED,UNRESOLVED,SOURCE_MEASURED,BALL_PROGRESSION,FL_CBP_DRIBBLE,UNRESOLVED,RECOVERED_EXISTING_SEMANTIC,REVIEW_EXISTING_LINEAGE,RESEARCH_ONLY,0,file_count=2; sample=17 | FL_CBP_CONTRACT_20261004: current J1/J2/J3 semantic-v2 preserved 2160/2160 source CBP values exactly; rank/total/per_match/recent5 source-measured; recent5_avg=recent5/5; diff_home=HOME-AWAY; rank_adv_home=AWAY_RANK-HOME_RANK; unit/exact denominator/DRAW relation unresolved.
FOOTBALL_LAB,data/analysis/football_lab_parameter_registry_semantic_v01.csv,UNCLASSIFIED,REVIEW,fl_dribble_home_recent5,TEAM_WITHIN_LEAGUE_CBP_CATEGORY,FIXTURE_HOME_TEAM,SOURCE_RECENT5_CUMULATIVE,UNRESOLVED,SOURCE_MEASURED,BALL_PROGRESSION,FL_CBP_DRIBBLE,UNRESOLVED,RECOVERED_EXISTING_SEMANTIC,REVIEW_EXISTING_LINEAGE,RESEARCH_ONLY,0,file_count=2; sample=5.86 | FL_CBP_CONTRACT_20261004: current J1/J2/J3 semantic-v2 preserved 2160/2160 source CBP values exactly; rank/total/per_match/recent5 source-measured; recent5_avg=recent5/5; diff_home=HOME-AWAY; rank_adv_home=AWAY_RANK-HOME_RANK; unit/exact denominator/DRAW relation unresolved.
FOOTBALL_LAB,data/analysis/football_lab_parameter_registry_semantic_v01.csv,UNCLASSIFIED,REVIEW,fl_dribble_home_total,TEAM_WITHIN_LEAGUE_CBP_CATEGORY,FIXTURE_HOME_TEAM,SOURCE_CUMULATIVE_WINDOW_EXACT_DEFINITION_UNRESOLVED,UNRESOLVED,SOURCE_MEASURED,BALL_PROGRESSION,FL_CBP_DRIBBLE,UNRESOLVED,RECOVERED_EXISTING_SEMANTIC,REVIEW_EXISTING_LINEAGE,RESEARCH_ONLY,0,file_count=2; sample=6.41 | FL_CBP_CONTRACT_20261004: current J1/J2/J3 semantic-v2 preserved 2160/2160 source CBP values exactly; rank/total/per_match/recent5 source-measured; recent5_avg=recent5/5; diff_home=HOME-AWAY; rank_adv_home=AWAY_RANK-HOME_RANK; unit/exact denominator/DRAW relation unresolved.
FOOTBALL_LAB,data/analysis/football_lab_parameter_registry_semantic_v01.csv,UNCLASSIFIED,REVIEW,fl_dribble_rank_adv_home,TEAM_WITHIN_LEAGUE_CBP_CATEGORY,HOME_MINUS_AWAY_DERIVED,SOURCE_RANK_WINDOW_EXACT_DEFINITION_UNRESOLVED,UNRESOLVED,DERIVED_AWAY_RANK_MINUS_HOME_RANK,BALL_PROGRESSION_DERIVED,FL_CBP_DRIBBLE,UNRESOLVED,RECOVERED_EXISTING_SEMANTIC,REVIEW_EXISTING_LINEAGE,RESEARCH_ONLY,0,file_count=2; sample=-16 | FL_CBP_CONTRACT_20261004: current J1/J2/J3 semantic-v2 preserved 2160/2160 source CBP values exactly; rank/total/per_match/recent5 source-measured; recent5_avg=recent5/5; diff_home=HOME-AWAY; rank_adv_home=AWAY_RANK-HOME_RANK; unit/exact denominator/DRAW relation unresolved.
FOOTBALL_LAB,data/analysis/football_lab_parameter_registry_semantic_v01.csv,UNCLASSIFIED,REVIEW,fl_gain_away_per_match,TEAM_WITHIN_LEAGUE_CBP_CATEGORY,FIXTURE_AWAY_TEAM,SOURCE_PER_MATCH_WINDOW_EXACT_DENOMINATOR_UNRESOLVED,UNRESOLVED,SOURCE_MEASURED,RECOVERY_ACTIVITY,FL_CBP_GAIN,UNRESOLVED,RECOVERED_EXISTING_SEMANTIC,REVIEW_EXISTING_LINEAGE,RESEARCH_ONLY,0,file_count=2; sample=75.2 | FL_CBP_CONTRACT_20261004: current J1/J2/J3 semantic-v2 preserved 2160/2160 source CBP values exactly; rank/total/per_match/recent5 source-measured; recent5_avg=recent5/5; diff_home=HOME-AWAY; rank_adv_home=AWAY_RANK-HOME_RANK; unit/exact denominator/DRAW relation unresolved.
FOOTBALL_LAB,data/analysis/football_lab_parameter_registry_semantic_v01.csv,UNCLASSIFIED,REVIEW,fl_gain_away_rank,TEAM_WITHIN_LEAGUE_CBP_CATEGORY,FIXTURE_AWAY_TEAM,SOURCE_RANK_WINDOW_EXACT_DEFINITION_UNRESOLVED,UNRESOLVED,SOURCE_MEASURED,RECOVERY_ACTIVITY,FL_CBP_GAIN,UNRESOLVED,RECOVERED_EXISTING_SEMANTIC,REVIEW_EXISTING_LINEAGE,RESEARCH_ONLY,0,file_count=2; sample=18 | FL_CBP_CONTRACT_20261004: current J1/J2/J3 semantic-v2 preserved 2160/2160 source CBP values exactly; rank/total/per_match/recent5 source-measured; recent5_avg=recent5/5; diff_home=HOME-AWAY; rank_adv_home=AWAY_RANK-HOME_RANK; unit/exact denominator/DRAW relation unresolved.
FOOTBALL_LAB,data/analysis/football_lab_parameter_registry_semantic_v01.csv,UNCLASSIFIED,REVIEW,fl_gain_away_recent5,TEAM_WITHIN_LEAGUE_CBP_CATEGORY,FIXTURE_AWAY_TEAM,SOURCE_RECENT5_CUMULATIVE,UNRESOLVED,SOURCE_MEASURED,RECOVERY_ACTIVITY,FL_CBP_GAIN,UNRESOLVED,RECOVERED_EXISTING_SEMANTIC,REVIEW_EXISTING_LINEAGE,RESEARCH_ONLY,0,file_count=2; sample=393.38 | FL_CBP_CONTRACT_20261004: current J1/J2/J3 semantic-v2 preserved 2160/2160 source CBP values exactly; rank/total/per_match/recent5 source-measured; recent5_avg=recent5/5; diff_home=HOME-AWAY; rank_adv_home=AWAY_RANK-HOME_RANK; unit/exact denominator/DRAW relation unresolved.
FOOTBALL_LAB,data/analysis/football_lab_parameter_registry_semantic_v01.csv,UNCLASSIFIED,REVIEW,fl_gain_away_total,TEAM_WITHIN_LEAGUE_CBP_CATEGORY,FIXTURE_AWAY_TEAM,SOURCE_CUMULATIVE_WINDOW_EXACT_DEFINITION_UNRESOLVED,UNRESOLVED,SOURCE_MEASURED,RECOVERY_ACTIVITY,FL_CBP_GAIN,UNRESOLVED,RECOVERED_EXISTING_SEMANTIC,REVIEW_EXISTING_LINEAGE,RESEARCH_ONLY,0,file_count=2; sample=451.21 | FL_CBP_CONTRACT_20261004: current J1/J2/J3 semantic-v2 preserved 2160/2160 source CBP values exactly; rank/total/per_match/recent5 source-measured; recent5_avg=recent5/5; diff_home=HOME-AWAY; rank_adv_home=AWAY_RANK-HOME_RANK; unit/exact denominator/DRAW relation unresolved.
FOOTBALL_LAB,data/analysis/football_lab_parameter_registry_semantic_v01.csv,UNCLASSIFIED,REVIEW,fl_gain_diff_home_per_match,TEAM_WITHIN_LEAGUE_CBP_CATEGORY,FIXTURE_HOME_TEAM,SOURCE_PER_MATCH_WINDOW_EXACT_DENOMINATOR_UNRESOLVED,UNRESOLVED,SOURCE_MEASURED,RECOVERY_ACTIVITY_DERIVED,FL_CBP_GAIN,UNRESOLVED,RECOVERED_EXISTING_SEMANTIC,REVIEW_EXISTING_LINEAGE,RESEARCH_ONLY,0,file_count=2; sample=-0.37000000000000455 | FL_CBP_CONTRACT_20261004: current J1/J2/J3 semantic-v2 preserved 2160/2160 source CBP values exactly; rank/total/per_match/recent5 source-measured; recent5_avg=recent5/5; diff_home=HOME-AWAY; rank_adv_home=AWAY_RANK-HOME_RANK; unit/exact denominator/DRAW relation unresolved.
FOOTBALL_LAB,data/analysis/football_lab_parameter_registry_semantic_v01.csv,UNCLASSIFIED,REVIEW,fl_gain_diff_home_recent5,TEAM_WITHIN_LEAGUE_CBP_CATEGORY,FIXTURE_HOME_TEAM,SOURCE_RECENT5_CUMULATIVE,UNRESOLVED,SOURCE_MEASURED,RECOVERY_ACTIVITY_DERIVED,FL_CBP_GAIN,UNRESOLVED,RECOVERED_EXISTING_SEMANTIC,REVIEW_EXISTING_LINEAGE,RESEARCH_ONLY,0,file_count=2; sample=-7.339999999999975 | FL_CBP_CONTRACT_20261004: current J1/J2/J3 semantic-v2 preserved 2160/2160 source CBP values exactly; rank/total/per_match/recent5 source-measured; recent5_avg=recent5/5; diff_home=HOME-AWAY; rank_adv_home=AWAY_RANK-HOME_RANK; unit/exact denominator/DRAW relation unresolved.
FOOTBALL_LAB,data/analysis/football_lab_parameter_registry_semantic_v01.csv,UNCLASSIFIED,REVIEW,fl_gain_diff_home_total,TEAM_WITHIN_LEAGUE_CBP_CATEGORY,FIXTURE_HOME_TEAM,SOURCE_CUMULATIVE_WINDOW_EXACT_DEFINITION_UNRESOLVED,UNRESOLVED,SOURCE_MEASURED,RECOVERY_ACTIVITY_DERIVED,FL_CBP_GAIN,UNRESOLVED,RECOVERED_EXISTING_SEMANTIC,REVIEW_EXISTING_LINEAGE,RESEARCH_ONLY,0,file_count=2; sample=-2.2399999999999523 | FL_CBP_CONTRACT_20261004: current J1/J2/J3 semantic-v2 preserved 2160/2160 source CBP values exactly; rank/total/per_match/recent5 source-measured; recent5_avg=recent5/5; diff_home=HOME-AWAY; rank_adv_home=AWAY_RANK-HOME_RANK; unit/exact denominator/DRAW relation unresolved.
FOOTBALL_LAB,data/analysis/football_lab_parameter_registry_semantic_v01.csv,UNCLASSIFIED,REVIEW,fl_gain_home_per_match,TEAM_WITHIN_LEAGUE_CBP_CATEGORY,FIXTURE_HOME_TEAM,SOURCE_PER_MATCH_WINDOW_EXACT_DENOMINATOR_UNRESOLVED,UNRESOLVED,SOURCE_MEASURED,RECOVERY_ACTIVITY,FL_CBP_GAIN,UNRESOLVED,RECOVERED_EXISTING_SEMANTIC,REVIEW_EXISTING_LINEAGE,RESEARCH_ONLY,0,file_count=2; sample=74.83 | FL_CBP_CONTRACT_20261004: current J1/J2/J3 semantic-v2 preserved 2160/2160 source CBP values exactly; rank/total/per_match/recent5 source-measured; recent5_avg=recent5/5; diff_home=HOME-AWAY; rank_adv_home=AWAY_RANK-HOME_RANK; unit/exact denominator/DRAW relation unresolved.
FOOTBALL_LAB,data/analysis/football_lab_parameter_registry_semantic_v01.csv,UNCLASSIFIED,REVIEW,fl_gain_home_rank,TEAM_WITHIN_LEAGUE_CBP_CATEGORY,FIXTURE_HOME_TEAM,SOURCE_RANK_WINDOW_EXACT_DEFINITION_UNRESOLVED,UNRESOLVED,SOURCE_MEASURED,RECOVERY_ACTIVITY,FL_CBP_GAIN,UNRESOLVED,RECOVERED_EXISTING_SEMANTIC,REVIEW_EXISTING_LINEAGE,RESEARCH_ONLY,0,file_count=2; sample=19 | FL_CBP_CONTRACT_20261004: current J1/J2/J3 semantic-v2 preserved 2160/2160 source CBP values exactly; rank/total/per_match/recent5 source-measured; recent5_avg=recent5/5; diff_home=HOME-AWAY; rank_adv_home=AWAY_RANK-HOME_RANK; unit/exact denominator/DRAW relation unresolved.
FOOTBALL_LAB,data/analysis/football_lab_parameter_registry_semantic_v01.csv,UNCLASSIFIED,REVIEW,fl_gain_home_recent5,TEAM_WITHIN_LEAGUE_CBP_CATEGORY,FIXTURE_HOME_TEAM,SOURCE_RECENT5_CUMULATIVE,UNRESOLVED,SOURCE_MEASURED,RECOVERY_ACTIVITY,FL_CBP_GAIN,UNRESOLVED,RECOVERED_EXISTING_SEMANTIC,REVIEW_EXISTING_LINEAGE,RESEARCH_ONLY,0,file_count=2; sample=386.04 | FL_CBP_CONTRACT_20261004: current J1/J2/J3 semantic-v2 preserved 2160/2160 source CBP values exactly; rank/total/per_match/recent5 source-measured; recent5_avg=recent5/5; diff_home=HOME-AWAY; rank_adv_home=AWAY_RANK-HOME_RANK; unit/exact denominator/DRAW relation unresolved.
FOOTBALL_LAB,data/analysis/football_lab_parameter_registry_semantic_v01.csv,UNCLASSIFIED,REVIEW,fl_gain_home_total,TEAM_WITHIN_LEAGUE_CBP_CATEGORY,FIXTURE_HOME_TEAM,SOURCE_CUMULATIVE_WINDOW_EXACT_DEFINITION_UNRESOLVED,UNRESOLVED,SOURCE_MEASURED,RECOVERY_ACTIVITY,FL_CBP_GAIN,UNRESOLVED,RECOVERED_EXISTING_SEMANTIC,REVIEW_EXISTING_LINEAGE,RESEARCH_ONLY,0,file_count=2; sample=448.97 | FL_CBP_CONTRACT_20261004: current J1/J2/J3 semantic-v2 preserved 2160/2160 source CBP values exactly; rank/total/per_match/recent5 source-measured; recent5_avg=recent5/5; diff_home=HOME-AWAY; rank_adv_home=AWAY_RANK-HOME_RANK; unit/exact denominator/DRAW relation unresolved.
FOOTBALL_LAB,data/analysis/football_lab_parameter_registry_semantic_v01.csv,UNCLASSIFIED,REVIEW,fl_gain_rank_adv_home,TEAM_WITHIN_LEAGUE_CBP_CATEGORY,HOME_MINUS_AWAY_DERIVED,SOURCE_RANK_WINDOW_EXACT_DEFINITION_UNRESOLVED,UNRESOLVED,DERIVED_AWAY_RANK_MINUS_HOME_RANK,RECOVERY_ACTIVITY_DERIVED,FL_CBP_GAIN,UNRESOLVED,RECOVERED_EXISTING_SEMANTIC,REVIEW_EXISTING_LINEAGE,RESEARCH_ONLY,0,file_count=2; sample=-1 | FL_CBP_CONTRACT_20261004: current J1/J2/J3 semantic-v2 preserved 2160/2160 source CBP values exactly; rank/total/per_match/recent5 source-measured; recent5_avg=recent5/5; diff_home=HOME-AWAY; rank_adv_home=AWAY_RANK-HOME_RANK; unit/exact denominator/DRAW relation unresolved.
FOOTBALL_LAB,data/analysis/football_lab_parameter_registry_semantic_v01.csv,UNCLASSIFIED,REVIEW,fl_goal_away_per_match,TEAM_WITHIN_LEAGUE_CBP_CATEGORY,FIXTURE_AWAY_TEAM,SOURCE_PER_MATCH_WINDOW_EXACT_DENOMINATOR_UNRESOLVED,UNRESOLVED,SOURCE_MEASURED,FINISHING_OUTCOME,FL_CBP_GOAL,UNRESOLVED,RECOVERED_EXISTING_SEMANTIC,REVIEW_EXISTING_LINEAGE,RESEARCH_ONLY,0,file_count=2; sample=5.69 | FL_CBP_CONTRACT_20261004: current J1/J2/J3 semantic-v2 preserved 2160/2160 source CBP values exactly; rank/total/per_match/recent5 source-measured; recent5_avg=recent5/5; diff_home=HOME-AWAY; rank_adv_home=AWAY_RANK-HOME_RANK; unit/exact denominator/DRAW relation unresolved.
FOOTBALL_LAB,data/analysis/football_lab_parameter_registry_semantic_v01.csv,UNCLASSIFIED,REVIEW,fl_goal_away_rank,TEAM_WITHIN_LEAGUE_CBP_CATEGORY,FIXTURE_AWAY_TEAM,SOURCE_RANK_WINDOW_EXACT_DEFINITION_UNRESOLVED,UNRESOLVED,SOURCE_MEASURED,FINISHING_OUTCOME,FL_CBP_GOAL,UNRESOLVED,RECOVERED_EXISTING_SEMANTIC,REVIEW_EXISTING_LINEAGE,RESEARCH_ONLY,0,file_count=2; sample=3 | FL_CBP_CONTRACT_20261004: current J1/J2/J3 semantic-v2 preserved 2160/2160 source CBP values exactly; rank/total/per_match/recent5 source-measured; recent5_avg=recent5/5; diff_home=HOME-AWAY; rank_adv_home=AWAY_RANK-HOME_RANK; unit/exact denominator/DRAW relation unresolved.
FOOTBALL_LAB,data/analysis/football_lab_parameter_registry_semantic_v01.csv,UNCLASSIFIED,REVIEW,fl_goal_away_recent5,TEAM_WITHIN_LEAGUE_CBP_CATEGORY,FIXTURE_AWAY_TEAM,SOURCE_RECENT5_CUMULATIVE,UNRESOLVED,SOURCE_MEASURED,FINISHING_OUTCOME,FL_CBP_GOAL,UNRESOLVED,RECOVERED_EXISTING_SEMANTIC,REVIEW_EXISTING_LINEAGE,RESEARCH_ONLY,0,file_count=2; sample=31.69 | FL_CBP_CONTRACT_20261004: current J1/J2/J3 semantic-v2 preserved 2160/2160 source CBP values exactly; rank/total/per_match/recent5 source-measured; recent5_avg=recent5/5; diff_home=HOME-AWAY; rank_adv_home=AWAY_RANK-HOME_RANK; unit/exact denominator/DRAW relation unresolved.
FOOTBALL_LAB,data/analysis/football_lab_parameter_registry_semantic_v01.csv,UNCLASSIFIED,REVIEW,fl_goal_away_total,TEAM_WITHIN_LEAGUE_CBP_CATEGORY,FIXTURE_AWAY_TEAM,SOURCE_CUMULATIVE_WINDOW_EXACT_DEFINITION_UNRESOLVED,UNRESOLVED,SOURCE_MEASURED,FINISHING_OUTCOME,FL_CBP_GOAL,UNRESOLVED,RECOVERED_EXISTING_SEMANTIC,REVIEW_EXISTING_LINEAGE,RESEARCH_ONLY,0,file_count=2; sample=34.16 | FL_CBP_CONTRACT_20261004: current J1/J2/J3 semantic-v2 preserved 2160/2160 source CBP values exactly; rank/total/per_match/recent5 source-measured; recent5_avg=recent5/5; diff_home=HOME-AWAY; rank_adv_home=AWAY_RANK-HOME_RANK; unit/exact denominator/DRAW relation unresolved.
FOOTBALL_LAB,data/analysis/football_lab_parameter_registry_semantic_v01.csv,UNCLASSIFIED,REVIEW,fl_goal_diff_home_per_match,TEAM_WITHIN_LEAGUE_CBP_CATEGORY,FIXTURE_HOME_TEAM,SOURCE_PER_MATCH_WINDOW_EXACT_DENOMINATOR_UNRESOLVED,UNRESOLVED,SOURCE_MEASURED,FINISHING_OUTCOME_DERIVED,FL_CBP_GOAL,UNRESOLVED,RECOVERED_EXISTING_SEMANTIC,REVIEW_EXISTING_LINEAGE,RESEARCH_ONLY,0,file_count=2; sample=-1.1000000000000005 | FL_CBP_CONTRACT_20261004: current J1/J2/J3 semantic-v2 preserved 2160/2160 source CBP values exactly; rank/total/per_match/recent5 source-measured; recent5_avg=recent5/5; diff_home=HOME-AWAY; rank_adv_home=AWAY_RANK-HOME_RANK; unit/exact denominator/DRAW relation unresolved.
FOOTBALL_LAB,data/analysis/football_lab_parameter_registry_semantic_v01.csv,UNCLASSIFIED,REVIEW,fl_goal_diff_home_recent5,TEAM_WITHIN_LEAGUE_CBP_CATEGORY,FIXTURE_HOME_TEAM,SOURCE_RECENT5_CUMULATIVE,UNRESOLVED,SOURCE_MEASURED,FINISHING_OUTCOME_DERIVED,FL_CBP_GOAL,UNRESOLVED,RECOVERED_EXISTING_SEMANTIC,REVIEW_EXISTING_LINEAGE,RESEARCH_ONLY,0,file_count=2; sample=-4.440000000000001 | FL_CBP_CONTRACT_20261004: current J1/J2/J3 semantic-v2 preserved 2160/2160 source CBP values exactly; rank/total/per_match/recent5 source-measured; recent5_avg=recent5/5; diff_home=HOME-AWAY; rank_adv_home=AWAY_RANK-HOME_RANK; unit/exact denominator/DRAW relation unresolved.
FOOTBALL_LAB,data/analysis/football_lab_parameter_registry_semantic_v01.csv,UNCLASSIFIED,REVIEW,fl_goal_diff_home_total,TEAM_WITHIN_LEAGUE_CBP_CATEGORY,FIXTURE_HOME_TEAM,SOURCE_CUMULATIVE_WINDOW_EXACT_DEFINITION_UNRESOLVED,UNRESOLVED,SOURCE_MEASURED,FINISHING_OUTCOME_DERIVED,FL_CBP_GOAL,UNRESOLVED,RECOVERED_EXISTING_SEMANTIC,REVIEW_EXISTING_LINEAGE,RESEARCH_ONLY,0,file_count=2; sample=-6.589999999999996 | FL_CBP_CONTRACT_20261004: current J1/J2/J3 semantic-v2 preserved 2160/2160 source CBP values exactly; rank/total/per_match/recent5 source-measured; recent5_avg=recent5/5; diff_home=HOME-AWAY; rank_adv_home=AWAY_RANK-HOME_RANK; unit/exact denominator/DRAW relation unresolved.
FOOTBALL_LAB,data/analysis/football_lab_parameter_registry_semantic_v01.csv,UNCLASSIFIED,REVIEW,fl_goal_home_per_match,TEAM_WITHIN_LEAGUE_CBP_CATEGORY,FIXTURE_HOME_TEAM,SOURCE_PER_MATCH_WINDOW_EXACT_DENOMINATOR_UNRESOLVED,UNRESOLVED,SOURCE_MEASURED,FINISHING_OUTCOME,FL_CBP_GOAL,UNRESOLVED,RECOVERED_EXISTING_SEMANTIC,REVIEW_EXISTING_LINEAGE,RESEARCH_ONLY,0,file_count=2; sample=4.59 | FL_CBP_CONTRACT_20261004: current J1/J2/J3 semantic-v2 preserved 2160/2160 source CBP values exactly; rank/total/per_match/recent5 source-measured; recent5_avg=recent5/5; diff_home=HOME-AWAY; rank_adv_home=AWAY_RANK-HOME_RANK; unit/exact denominator/DRAW relation unresolved.
FOOTBALL_LAB,data/analysis/football_lab_parameter_registry_semantic_v01.csv,UNCLASSIFIED,REVIEW,fl_goal_home_rank,TEAM_WITHIN_LEAGUE_CBP_CATEGORY,FIXTURE_HOME_TEAM,SOURCE_RANK_WINDOW_EXACT_DEFINITION_UNRESOLVED,UNRESOLVED,SOURCE_MEASURED,FINISHING_OUTCOME,FL_CBP_GOAL,UNRESOLVED,RECOVERED_EXISTING_SEMANTIC,REVIEW_EXISTING_LINEAGE,RESEARCH_ONLY,0,file_count=2; sample=7 | FL_CBP_CONTRACT_20261004: current J1/J2/J3 semantic-v2 preserved 2160/2160 source CBP values exactly; rank/total/per_match/recent5 source-measured; recent5_avg=recent5/5; diff_home=HOME-AWAY; rank_adv_home=AWAY_RANK-HOME_RANK; unit/exact denominator/DRAW relation unresolved.
FOOTBALL_LAB,data/analysis/football_lab_parameter_registry_semantic_v01.csv,UNCLASSIFIED,REVIEW,fl_goal_home_recent5,TEAM_WITHIN_LEAGUE_CBP_CATEGORY,FIXTURE_HOME_TEAM,SOURCE_RECENT5_CUMULATIVE,UNRESOLVED,SOURCE_MEASURED,FINISHING_OUTCOME,FL_CBP_GOAL,UNRESOLVED,RECOVERED_EXISTING_SEMANTIC,REVIEW_EXISTING_LINEAGE,RESEARCH_ONLY,0,file_count=2; sample=27.25 | FL_CBP_CONTRACT_20261004: current J1/J2/J3 semantic-v2 preserved 2160/2160 source CBP values exactly; rank/total/per_match/recent5 source-measured; recent5_avg=recent5/5; diff_home=HOME-AWAY; rank_adv_home=AWAY_RANK-HOME_RANK; unit/exact denominator/DRAW relation unresolved.
FOOTBALL_LAB,data/analysis/football_lab_parameter_registry_semantic_v01.csv,UNCLASSIFIED,REVIEW,fl_goal_home_total,TEAM_WITHIN_LEAGUE_CBP_CATEGORY,FIXTURE_HOME_TEAM,SOURCE_CUMULATIVE_WINDOW_EXACT_DEFINITION_UNRESOLVED,UNRESOLVED,SOURCE_MEASURED,FINISHING_OUTCOME,FL_CBP_GOAL,UNRESOLVED,RECOVERED_EXISTING_SEMANTIC,REVIEW_EXISTING_LINEAGE,RESEARCH_ONLY,0,file_count=2; sample=27.57 | FL_CBP_CONTRACT_20261004: current J1/J2/J3 semantic-v2 preserved 2160/2160 source CBP values exactly; rank/total/per_match/recent5 source-measured; recent5_avg=recent5/5; diff_home=HOME-AWAY; rank_adv_home=AWAY_RANK-HOME_RANK; unit/exact denominator/DRAW relation unresolved.
FOOTBALL_LAB,data/analysis/football_lab_parameter_registry_semantic_v01.csv,UNCLASSIFIED,REVIEW,fl_goal_rank_adv_home,TEAM_WITHIN_LEAGUE_CBP_CATEGORY,HOME_MINUS_AWAY_DERIVED,SOURCE_RANK_WINDOW_EXACT_DEFINITION_UNRESOLVED,UNRESOLVED,DERIVED_AWAY_RANK_MINUS_HOME_RANK,FINISHING_OUTCOME_DERIVED,FL_CBP_GOAL,UNRESOLVED,RECOVERED_EXISTING_SEMANTIC,REVIEW_EXISTING_LINEAGE,RESEARCH_ONLY,0,file_count=2; sample=-4 | FL_CBP_CONTRACT_20261004: current J1/J2/J3 semantic-v2 preserved 2160/2160 source CBP values exactly; rank/total/per_match/recent5 source-measured; recent5_avg=recent5/5; diff_home=HOME-AWAY; rank_adv_home=AWAY_RANK-HOME_RANK; unit/exact denominator/DRAW relation unresolved.
FOOTBALL_LAB,data/analysis/football_lab_parameter_registry_semantic_v01.csv,UNCLASSIFIED,REVIEW,fl_home_goals_against,FOOTBALL_LAB_TEAM_2026_27_LEAGUE,FIXTURE_HOME_TEAM,2026_27_SOURCE_SNAPSHOT_EXACT_CUMULATIVE_WINDOW_UNRESOLVED,GOALS,SOURCE_MEASURED,TEAM_CONCEDING_CONTEXT,FL_TEAM_LEAGUE_RESULT_CONTEXT,UNRESOLVED_HISTORICAL_OOF_REQUIRED,SOURCE_CONTRACT_RESOLVED_WINDOW_PARTIAL,REVIEW_EXISTING_LINEAGE,RESEARCH_ONLY,0,"file_count=2; sample=8 | Raw Football LAB table#ls_teamCBP directly labels source columns 6-9 as 順位/勝点/得点/失点; season page identifies 2026/27; source update date exists in HTML; exact cumulative/current-through-round window not proven. HOME/AWAY means fixture-side team, not venue-specific. Derived points/rank fields are not independent evidence."
FOOTBALL_LAB,data/analysis/football_lab_parameter_registry_semantic_v01.csv,UNCLASSIFIED,REVIEW,fl_home_goals_for,FOOTBALL_LAB_TEAM_2026_27_LEAGUE,FIXTURE_HOME_TEAM,2026_27_SOURCE_SNAPSHOT_EXACT_CUMULATIVE_WINDOW_UNRESOLVED,GOALS,SOURCE_MEASURED,TEAM_SCORING_CONTEXT,FL_TEAM_LEAGUE_RESULT_CONTEXT,UNRESOLVED_HISTORICAL_OOF_REQUIRED,SOURCE_CONTRACT_RESOLVED_WINDOW_PARTIAL,REVIEW_EXISTING_LINEAGE,RESEARCH_ONLY,0,"file_count=2; sample=11 | Raw Football LAB table#ls_teamCBP directly labels source columns 6-9 as 順位/勝点/得点/失点; season page identifies 2026/27; source update date exists in HTML; exact cumulative/current-through-round window not proven. HOME/AWAY means fixture-side team, not venue-specific. Derived points/rank fields are not independent evidence."
FOOTBALL_LAB,data/analysis/football_lab_parameter_registry_semantic_v01.csv,META,PROVENANCE,fl_home_join_method,UNRESOLVED,UNRESOLVED,UNRESOLVED,UNRESOLVED,UNRESOLVED,PROVENANCE,REVIEW_EXISTING_FL_POLICY,UNRESOLVED,PROVENANCE,REVIEW_EXISTING_LINEAGE,RESEARCH_ONLY,0,file_count=2; sample=EXACT
FOOTBALL_LAB,data/analysis/football_lab_parameter_registry_semantic_v01.csv,UNCLASSIFIED,REVIEW,fl_home_league,UNRESOLVED,UNRESOLVED,UNRESOLVED,UNRESOLVED,UNRESOLVED,IDENTITY_MAPPING,IDENTITY,UNRESOLVED,RECOVERED_EXISTING_SEMANTIC,REVIEW_EXISTING_LINEAGE,RESEARCH_ONLY,0,file_count=2; sample=J1
FOOTBALL_LAB,data/analysis/football_lab_parameter_registry_semantic_v01.csv,UNCLASSIFIED,REVIEW,fl_home_league_points,FOOTBALL_LAB_TEAM_2026_27_LEAGUE,FIXTURE_HOME_TEAM,2026_27_SOURCE_SNAPSHOT_EXACT_CUMULATIVE_WINDOW_UNRESOLVED,LEAGUE_POINTS,SOURCE_MEASURED,TEAM_LEAGUE_CONTEXT,FL_TEAM_LEAGUE_RESULT_CONTEXT,UNRESOLVED_HISTORICAL_OOF_REQUIRED,SOURCE_CONTRACT_RESOLVED_WINDOW_PARTIAL,REVIEW_EXISTING_LINEAGE,RESEARCH_ONLY,0,"file_count=2; sample=9 | Raw Football LAB table#ls_teamCBP directly labels source columns 6-9 as 順位/勝点/得点/失点; season page identifies 2026/27; source update date exists in HTML; exact cumulative/current-through-round window not proven. HOME/AWAY means fixture-side team, not venue-specific. Derived points/rank fields are not independent evidence."
FOOTBALL_LAB,data/analysis/football_lab_parameter_registry_semantic_v01.csv,UNCLASSIFIED,REVIEW,fl_home_league_rank,FOOTBALL_LAB_TEAM_2026_27_LEAGUE,FIXTURE_HOME_TEAM,2026_27_SOURCE_SNAPSHOT_EXACT_CUMULATIVE_WINDOW_UNRESOLVED,LEAGUE_RANK,SOURCE_MEASURED,TEAM_LEAGUE_CONTEXT,FL_TEAM_LEAGUE_RESULT_CONTEXT,UNRESOLVED_HISTORICAL_OOF_REQUIRED,SOURCE_CONTRACT_RESOLVED_WINDOW_PARTIAL,REVIEW_EXISTING_LINEAGE,RESEARCH_ONLY,0,"file_count=2; sample=11 | Raw Football LAB table#ls_teamCBP directly labels source columns 6-9 as 順位/勝点/得点/失点; season page identifies 2026/27; source update date exists in HTML; exact cumulative/current-through-round window not proven. HOME/AWAY means fixture-side team, not venue-specific. Derived points/rank fields are not independent evidence."
FOOTBALL_LAB,data/analysis/football_lab_parameter_registry_semantic_v01.csv,UNCLASSIFIED,REVIEW,fl_home_team_short,UNRESOLVED,UNRESOLVED,UNRESOLVED,UNRESOLVED,UNRESOLVED,IDENTITY_MAPPING,IDENTITY,UNRESOLVED,RECOVERED_EXISTING_SEMANTIC,REVIEW_EXISTING_LINEAGE,RESEARCH_ONLY,0,file_count=2; sample=水戸
FOOTBALL_LAB,data/analysis/football_lab_parameter_registry_semantic_v01.csv,UNCLASSIFIED,REVIEW,fl_league_points_diff_home,FIXTURE_TEAM_PAIR_DERIVED,HOME_MINUS_AWAY_DERIVED,2026_27_SOURCE_SNAPSHOT_EXACT_CUMULATIVE_WINDOW_UNRESOLVED,LEAGUE_POINTS_DIFFERENCE,DERIVED,TEAM_LEAGUE_CONTEXT_DERIVED,FL_TEAM_LEAGUE_RESULT_CONTEXT,UNRESOLVED_HISTORICAL_OOF_REQUIRED,SOURCE_CONTRACT_RESOLVED_WINDOW_PARTIAL,REVIEW_EXISTING_LINEAGE,RESEARCH_ONLY,0,"file_count=2; sample=0 | Raw Football LAB table#ls_teamCBP directly labels source columns 6-9 as 順位/勝点/得点/失点; season page identifies 2026/27; source update date exists in HTML; exact cumulative/current-through-round window not proven. HOME/AWAY means fixture-side team, not venue-specific. Derived points/rank fields are not independent evidence."
FOOTBALL_LAB,data/analysis/football_lab_parameter_registry_semantic_v01.csv,UNCLASSIFIED,REVIEW,fl_league_rank_adv_home,FIXTURE_TEAM_PAIR_DERIVED,AWAY_RANK_MINUS_HOME_RANK_DERIVED,2026_27_SOURCE_SNAPSHOT_EXACT_CUMULATIVE_WINDOW_UNRESOLVED,LEAGUE_RANK_ADVANTAGE,DERIVED,TEAM_LEAGUE_CONTEXT_DERIVED,FL_TEAM_LEAGUE_RESULT_CONTEXT,UNRESOLVED_HISTORICAL_OOF_REQUIRED,SOURCE_CONTRACT_RESOLVED_WINDOW_PARTIAL,REVIEW_EXISTING_LINEAGE,RESEARCH_ONLY,0,"file_count=2; sample=-1 | Raw Football LAB table#ls_teamCBP directly labels source columns 6-9 as 順位/勝点/得点/失点; season page identifies 2026/27; source update date exists in HTML; exact cumulative/current-through-round window not proven. HOME/AWAY means fixture-side team, not venue-specific. Derived points/rank fields are not independent evidence."
FOOTBALL_LAB,data/analysis/football_lab_parameter_registry_semantic_v01.csv,UNCLASSIFIED,REVIEW,fl_offense_away_per_match,TEAM_WITHIN_LEAGUE_CBP_CATEGORY,FIXTURE_AWAY_TEAM,SOURCE_PER_MATCH_WINDOW_EXACT_DENOMINATOR_UNRESOLVED,UNRESOLVED,SOURCE_MEASURED,REFERENCE_OFFENSIVE_PROCESS,FL_CBP_OFFENSE,UNRESOLVED,RECOVERED_EXISTING_SEMANTIC,REVIEW_EXISTING_LINEAGE,RESEARCH_ONLY,0,file_count=2; sample=18.34 | FL_CBP_CONTRACT_20261004: current J1/J2/J3 semantic-v2 preserved 2160/2160 source CBP values exactly; rank/total/per_match/recent5 source-measured; recent5_avg=recent5/5; diff_home=HOME-AWAY; rank_adv_home=AWAY_RANK-HOME_RANK; unit/exact denominator/DRAW relation unresolved.
FOOTBALL_LAB,data/analysis/football_lab_parameter_registry_semantic_v01.csv,UNCLASSIFIED,REVIEW,fl_offense_away_rank,TEAM_WITHIN_LEAGUE_CBP_CATEGORY,FIXTURE_AWAY_TEAM,SOURCE_RANK_WINDOW_EXACT_DEFINITION_UNRESOLVED,UNRESOLVED,SOURCE_MEASURED,REFERENCE_OFFENSIVE_PROCESS,FL_CBP_OFFENSE,UNRESOLVED,RECOVERED_EXISTING_SEMANTIC,REVIEW_EXISTING_LINEAGE,RESEARCH_ONLY,0,file_count=2; sample=4 | FL_CBP_CONTRACT_20261004: current J1/J2/J3 semantic-v2 preserved 2160/2160 source CBP values exactly; rank/total/per_match/recent5 source-measured; recent5_avg=recent5/5; diff_home=HOME-AWAY; rank_adv_home=AWAY_RANK-HOME_RANK; unit/exact denominator/DRAW relation unresolved.
FOOTBALL_LAB,data/analysis/football_lab_parameter_registry_semantic_v01.csv,UNCLASSIFIED,REVIEW,fl_offense_away_recent5,TEAM_WITHIN_LEAGUE_CBP_CATEGORY,FIXTURE_AWAY_TEAM,SOURCE_RECENT5_CUMULATIVE,UNRESOLVED,SOURCE_MEASURED,REFERENCE_OFFENSIVE_PROCESS,FL_CBP_OFFENSE,UNRESOLVED,RECOVERED_EXISTING_SEMANTIC,REVIEW_EXISTING_LINEAGE,RESEARCH_ONLY,0,file_count=2; sample=88.61 | FL_CBP_CONTRACT_20261004: current J1/J2/J3 semantic-v2 preserved 2160/2160 source CBP values exactly; rank/total/per_match/recent5 source-measured; recent5_avg=recent5/5; diff_home=HOME-AWAY; rank_adv_home=AWAY_RANK-HOME_RANK; unit/exact denominator/DRAW relation unresolved.
FOOTBALL_LAB,data/analysis/football_lab_parameter_registry_semantic_v01.csv,UNCLASSIFIED,REVIEW,fl_offense_away_total,TEAM_WITHIN_LEAGUE_CBP_CATEGORY,FIXTURE_AWAY_TEAM,SOURCE_CUMULATIVE_WINDOW_EXACT_DEFINITION_UNRESOLVED,UNRESOLVED,SOURCE_MEASURED,REFERENCE_OFFENSIVE_PROCESS,FL_CBP_OFFENSE,UNRESOLVED,RECOVERED_EXISTING_SEMANTIC,REVIEW_EXISTING_LINEAGE,RESEARCH_ONLY,0,file_count=2; sample=110.03 | FL_CBP_CONTRACT_20261004: current J1/J2/J3 semantic-v2 preserved 2160/2160 source CBP values exactly; rank/total/per_match/recent5 source-measured; recent5_avg=recent5/5; diff_home=HOME-AWAY; rank_adv_home=AWAY_RANK-HOME_RANK; unit/exact denominator/DRAW relation unresolved.
FOOTBALL_LAB,data/analysis/football_lab_parameter_registry_semantic_v01.csv,UNCLASSIFIED,REVIEW,fl_offense_diff_home_per_match,TEAM_WITHIN_LEAGUE_CBP_CATEGORY,FIXTURE_HOME_TEAM,SOURCE_PER_MATCH_WINDOW_EXACT_DENOMINATOR_UNRESOLVED,UNRESOLVED,SOURCE_MEASURED,REFERENCE_OFFENSIVE_PROCESS_DERIVED,FL_CBP_OFFENSE,UNRESOLVED,RECOVERED_EXISTING_SEMANTIC,REVIEW_EXISTING_LINEAGE,RESEARCH_ONLY,0,file_count=2; sample=-7.039999999999999 | FL_CBP_CONTRACT_20261004: current J1/J2/J3 semantic-v2 preserved 2160/2160 source CBP values exactly; rank/total/per_match/recent5 source-measured; recent5_avg=recent5/5; diff_home=HOME-AWAY; rank_adv_home=AWAY_RANK-HOME_RANK; unit/exact denominator/DRAW relation unresolved.
FOOTBALL_LAB,data/analysis/football_lab_parameter_registry_semantic_v01.csv,UNCLASSIFIED,REVIEW,fl_offense_diff_home_recent5,TEAM_WITHIN_LEAGUE_CBP_CATEGORY,FIXTURE_HOME_TEAM,SOURCE_RECENT5_CUMULATIVE,UNRESOLVED,SOURCE_MEASURED,REFERENCE_OFFENSIVE_PROCESS_DERIVED,FL_CBP_OFFENSE,UNRESOLVED,RECOVERED_EXISTING_SEMANTIC,REVIEW_EXISTING_LINEAGE,RESEARCH_ONLY,0,file_count=2; sample=-35.56 | FL_CBP_CONTRACT_20261004: current J1/J2/J3 semantic-v2 preserved 2160/2160 source CBP values exactly; rank/total/per_match/recent5 source-measured; recent5_avg=recent5/5; diff_home=HOME-AWAY; rank_adv_home=AWAY_RANK-HOME_RANK; unit/exact denominator/DRAW relation unresolved.
FOOTBALL_LAB,data/analysis/football_lab_parameter_registry_semantic_v01.csv,UNCLASSIFIED,REVIEW,fl_offense_diff_home_total,TEAM_WITHIN_LEAGUE_CBP_CATEGORY,FIXTURE_HOME_TEAM,SOURCE_CUMULATIVE_WINDOW_EXACT_DEFINITION_UNRESOLVED,UNRESOLVED,SOURCE_MEASURED,REFERENCE_OFFENSIVE_PROCESS_DERIVED,FL_CBP_OFFENSE,UNRESOLVED,RECOVERED_EXISTING_SEMANTIC,REVIEW_EXISTING_LINEAGE,RESEARCH_ONLY,0,file_count=2; sample=-42.25 | FL_CBP_CONTRACT_20261004: current J1/J2/J3 semantic-v2 preserved 2160/2160 source CBP values exactly; rank/total/per_match/recent5 source-measured; recent5_avg=recent5/5; diff_home=HOME-AWAY; rank_adv_home=AWAY_RANK-HOME_RANK; unit/exact denominator/DRAW relation unresolved.
FOOTBALL_LAB,data/analysis/football_lab_parameter_registry_semantic_v01.csv,UNCLASSIFIED,REVIEW,fl_offense_home_per_match,TEAM_WITHIN_LEAGUE_CBP_CATEGORY,FIXTURE_HOME_TEAM,SOURCE_PER_MATCH_WINDOW_EXACT_DENOMINATOR_UNRESOLVED,UNRESOLVED,SOURCE_MEASURED,REFERENCE_OFFENSIVE_PROCESS,FL_CBP_OFFENSE,UNRESOLVED,RECOVERED_EXISTING_SEMANTIC,REVIEW_EXISTING_LINEAGE,RESEARCH_ONLY,0,file_count=2; sample=11.3 | FL_CBP_CONTRACT_20261004: current J1/J2/J3 semantic-v2 preserved 2160/2160 source CBP values exactly; rank/total/per_match/recent5 source-measured; recent5_avg=recent5/5; diff_home=HOME-AWAY; rank_adv_home=AWAY_RANK-HOME_RANK; unit/exact denominator/DRAW relation unresolved.
FOOTBALL_LAB,data/analysis/football_lab_parameter_registry_semantic_v01.csv,UNCLASSIFIED,REVIEW,fl_offense_home_rank,TEAM_WITHIN_LEAGUE_CBP_CATEGORY,FIXTURE_HOME_TEAM,SOURCE_RANK_WINDOW_EXACT_DEFINITION_UNRESOLVED,UNRESOLVED,SOURCE_MEASURED,REFERENCE_OFFENSIVE_PROCESS,FL_CBP_OFFENSE,UNRESOLVED,RECOVERED_EXISTING_SEMANTIC,REVIEW_EXISTING_LINEAGE,RESEARCH_ONLY,0,file_count=2; sample=17 | FL_CBP_CONTRACT_20261004: current J1/J2/J3 semantic-v2 preserved 2160/2160 source CBP values exactly; rank/total/per_match/recent5 source-measured; recent5_avg=recent5/5; diff_home=HOME-AWAY; rank_adv_home=AWAY_RANK-HOME_RANK; unit/exact denominator/DRAW relation unresolved.
FOOTBALL_LAB,data/analysis/football_lab_parameter_registry_semantic_v01.csv,UNCLASSIFIED,REVIEW,fl_offense_home_recent5,TEAM_WITHIN_LEAGUE_CBP_CATEGORY,FIXTURE_HOME_TEAM,SOURCE_RECENT5_CUMULATIVE,UNRESOLVED,SOURCE_MEASURED,REFERENCE_OFFENSIVE_PROCESS,FL_CBP_OFFENSE,UNRESOLVED,RECOVERED_EXISTING_SEMANTIC,REVIEW_EXISTING_LINEAGE,RESEARCH_ONLY,0,file_count=2; sample=53.05 | FL_CBP_CONTRACT_20261004: current J1/J2/J3 semantic-v2 preserved 2160/2160 source CBP values exactly; rank/total/per_match/recent5 source-measured; recent5_avg=recent5/5; diff_home=HOME-AWAY; rank_adv_home=AWAY_RANK-HOME_RANK; unit/exact denominator/DRAW relation unresolved.
FOOTBALL_LAB,data/analysis/football_lab_parameter_registry_semantic_v01.csv,UNCLASSIFIED,REVIEW,fl_offense_home_total,TEAM_WITHIN_LEAGUE_CBP_CATEGORY,FIXTURE_HOME_TEAM,SOURCE_CUMULATIVE_WINDOW_EXACT_DEFINITION_UNRESOLVED,UNRESOLVED,SOURCE_MEASURED,REFERENCE_OFFENSIVE_PROCESS,FL_CBP_OFFENSE,UNRESOLVED,RECOVERED_EXISTING_SEMANTIC,REVIEW_EXISTING_LINEAGE,RESEARCH_ONLY,0,file_count=2; sample=67.78 | FL_CBP_CONTRACT_20261004: current J1/J2/J3 semantic-v2 preserved 2160/2160 source CBP values exactly; rank/total/per_match/recent5 source-measured; recent5_avg=recent5/5; diff_home=HOME-AWAY; rank_adv_home=AWAY_RANK-HOME_RANK; unit/exact denominator/DRAW relation unresolved.
FOOTBALL_LAB,data/analysis/football_lab_parameter_registry_semantic_v01.csv,UNCLASSIFIED,REVIEW,fl_offense_rank_adv_home,TEAM_WITHIN_LEAGUE_CBP_CATEGORY,HOME_MINUS_AWAY_DERIVED,SOURCE_RANK_WINDOW_EXACT_DEFINITION_UNRESOLVED,UNRESOLVED,DERIVED_AWAY_RANK_MINUS_HOME_RANK,REFERENCE_OFFENSIVE_PROCESS_DERIVED,FL_CBP_OFFENSE,UNRESOLVED,RECOVERED_EXISTING_SEMANTIC,REVIEW_EXISTING_LINEAGE,RESEARCH_ONLY,0,file_count=2; sample=-13 | FL_CBP_CONTRACT_20261004: current J1/J2/J3 semantic-v2 preserved 2160/2160 source CBP values exactly; rank/total/per_match/recent5 source-measured; recent5_avg=recent5/5; diff_home=HOME-AWAY; rank_adv_home=AWAY_RANK-HOME_RANK; unit/exact denominator/DRAW relation unresolved.
FOOTBALL_LAB,data/analysis/football_lab_parameter_registry_semantic_v01.csv,UNCLASSIFIED,REVIEW,fl_pass_away_per_match,TEAM_WITHIN_LEAGUE_CBP_CATEGORY,FIXTURE_AWAY_TEAM,SOURCE_PER_MATCH_WINDOW_EXACT_DENOMINATOR_UNRESOLVED,UNRESOLVED,SOURCE_MEASURED,BUILD_UP,FL_CBP_PASS,UNRESOLVED,RECOVERED_EXISTING_SEMANTIC,REVIEW_EXISTING_LINEAGE,RESEARCH_ONLY,0,file_count=2; sample=14.38 | FL_CBP_CONTRACT_20261004: current J1/J2/J3 semantic-v2 preserved 2160/2160 source CBP values exactly; rank/total/per_match/recent5 source-measured; recent5_avg=recent5/5; diff_home=HOME-AWAY; rank_adv_home=AWAY_RANK-HOME_RANK; unit/exact denominator/DRAW relation unresolved.
FOOTBALL_LAB,data/analysis/football_lab_parameter_registry_semantic_v01.csv,UNCLASSIFIED,REVIEW,fl_pass_away_rank,TEAM_WITHIN_LEAGUE_CBP_CATEGORY,FIXTURE_AWAY_TEAM,SOURCE_RANK_WINDOW_EXACT_DEFINITION_UNRESOLVED,UNRESOLVED,SOURCE_MEASURED,BUILD_UP,FL_CBP_PASS,UNRESOLVED,RECOVERED_EXISTING_SEMANTIC,REVIEW_EXISTING_LINEAGE,RESEARCH_ONLY,0,file_count=2; sample=4 | FL_CBP_CONTRACT_20261004: current J1/J2/J3 semantic-v2 preserved 2160/2160 source CBP values exactly; rank/total/per_match/recent5 source-measured; recent5_avg=recent5/5; diff_home=HOME-AWAY; rank_adv_home=AWAY_RANK-HOME_RANK; unit/exact denominator/DRAW relation unresolved.
FOOTBALL_LAB,data/analysis/football_lab_parameter_registry_semantic_v01.csv,UNCLASSIFIED,REVIEW,fl_pass_away_recent5,TEAM_WITHIN_LEAGUE_CBP_CATEGORY,FIXTURE_AWAY_TEAM,SOURCE_RECENT5_CUMULATIVE,UNRESOLVED,SOURCE_MEASURED,BUILD_UP,FL_CBP_PASS,UNRESOLVED,RECOVERED_EXISTING_SEMANTIC,REVIEW_EXISTING_LINEAGE,RESEARCH_ONLY,0,file_count=2; sample=68.17 | FL_CBP_CONTRACT_20261004: current J1/J2/J3 semantic-v2 preserved 2160/2160 source CBP values exactly; rank/total/per_match/recent5 source-measured; recent5_avg=recent5/5; diff_home=HOME-AWAY; rank_adv_home=AWAY_RANK-HOME_RANK; unit/exact denominator/DRAW relation unresolved.
FOOTBALL_LAB,data/analysis/football_lab_parameter_registry_semantic_v01.csv,UNCLASSIFIED,REVIEW,fl_pass_away_total,TEAM_WITHIN_LEAGUE_CBP_CATEGORY,FIXTURE_AWAY_TEAM,SOURCE_CUMULATIVE_WINDOW_EXACT_DEFINITION_UNRESOLVED,UNRESOLVED,SOURCE_MEASURED,BUILD_UP,FL_CBP_PASS,UNRESOLVED,RECOVERED_EXISTING_SEMANTIC,REVIEW_EXISTING_LINEAGE,RESEARCH_ONLY,0,file_count=2; sample=86.29 | FL_CBP_CONTRACT_20261004: current J1/J2/J3 semantic-v2 preserved 2160/2160 source CBP values exactly; rank/total/per_match/recent5 source-measured; recent5_avg=recent5/5; diff_home=HOME-AWAY; rank_adv_home=AWAY_RANK-HOME_RANK; unit/exact denominator/DRAW relation unresolved.
FOOTBALL_LAB,data/analysis/football_lab_parameter_registry_semantic_v01.csv,UNCLASSIFIED,REVIEW,fl_pass_diff_home_per_match,TEAM_WITHIN_LEAGUE_CBP_CATEGORY,FIXTURE_HOME_TEAM,SOURCE_PER_MATCH_WINDOW_EXACT_DENOMINATOR_UNRESOLVED,UNRESOLVED,SOURCE_MEASURED,BUILD_UP_DERIVED,FL_CBP_PASS,UNRESOLVED,RECOVERED_EXISTING_SEMANTIC,REVIEW_EXISTING_LINEAGE,RESEARCH_ONLY,0,file_count=2; sample=-5.770000000000001 | FL_CBP_CONTRACT_20261004: current J1/J2/J3 semantic-v2 preserved 2160/2160 source CBP values exactly; rank/total/per_match/recent5 source-measured; recent5_avg=recent5/5; diff_home=HOME-AWAY; rank_adv_home=AWAY_RANK-HOME_RANK; unit/exact denominator/DRAW relation unresolved.
FOOTBALL_LAB,data/analysis/football_lab_parameter_registry_semantic_v01.csv,UNCLASSIFIED,REVIEW,fl_pass_diff_home_recent5,TEAM_WITHIN_LEAGUE_CBP_CATEGORY,FIXTURE_HOME_TEAM,SOURCE_RECENT5_CUMULATIVE,UNRESOLVED,SOURCE_MEASURED,BUILD_UP_DERIVED,FL_CBP_PASS,UNRESOLVED,RECOVERED_EXISTING_SEMANTIC,REVIEW_EXISTING_LINEAGE,RESEARCH_ONLY,0,file_count=2; sample=-29.25 | FL_CBP_CONTRACT_20261004: current J1/J2/J3 semantic-v2 preserved 2160/2160 source CBP values exactly; rank/total/per_match/recent5 source-measured; recent5_avg=recent5/5; diff_home=HOME-AWAY; rank_adv_home=AWAY_RANK-HOME_RANK; unit/exact denominator/DRAW relation unresolved.
FOOTBALL_LAB,data/analysis/football_lab_parameter_registry_semantic_v01.csv,UNCLASSIFIED,REVIEW,fl_pass_diff_home_total,TEAM_WITHIN_LEAGUE_CBP_CATEGORY,FIXTURE_HOME_TEAM,SOURCE_CUMULATIVE_WINDOW_EXACT_DEFINITION_UNRESOLVED,UNRESOLVED,SOURCE_MEASURED,BUILD_UP_DERIVED,FL_CBP_PASS,UNRESOLVED,RECOVERED_EXISTING_SEMANTIC,REVIEW_EXISTING_LINEAGE,RESEARCH_ONLY,0,file_count=2; sample=-34.620000000000005 | FL_CBP_CONTRACT_20261004: current J1/J2/J3 semantic-v2 preserved 2160/2160 source CBP values exactly; rank/total/per_match/recent5 source-measured; recent5_avg=recent5/5; diff_home=HOME-AWAY; rank_adv_home=AWAY_RANK-HOME_RANK; unit/exact denominator/DRAW relation unresolved.
FOOTBALL_LAB,data/analysis/football_lab_parameter_registry_semantic_v01.csv,UNCLASSIFIED,REVIEW,fl_pass_home_per_match,TEAM_WITHIN_LEAGUE_CBP_CATEGORY,FIXTURE_HOME_TEAM,SOURCE_PER_MATCH_WINDOW_EXACT_DENOMINATOR_UNRESOLVED,UNRESOLVED,SOURCE_MEASURED,BUILD_UP,FL_CBP_PASS,UNRESOLVED,RECOVERED_EXISTING_SEMANTIC,REVIEW_EXISTING_LINEAGE,RESEARCH_ONLY,0,file_count=2; sample=8.61 | FL_CBP_CONTRACT_20261004: current J1/J2/J3 semantic-v2 preserved 2160/2160 source CBP values exactly; rank/total/per_match/recent5 source-measured; recent5_avg=recent5/5; diff_home=HOME-AWAY; rank_adv_home=AWAY_RANK-HOME_RANK; unit/exact denominator/DRAW relation unresolved.
FOOTBALL_LAB,data/analysis/football_lab_parameter_registry_semantic_v01.csv,UNCLASSIFIED,REVIEW,fl_pass_home_rank,TEAM_WITHIN_LEAGUE_CBP_CATEGORY,FIXTURE_HOME_TEAM,SOURCE_RANK_WINDOW_EXACT_DEFINITION_UNRESOLVED,UNRESOLVED,SOURCE_MEASURED,BUILD_UP,FL_CBP_PASS,UNRESOLVED,RECOVERED_EXISTING_SEMANTIC,REVIEW_EXISTING_LINEAGE,RESEARCH_ONLY,0,file_count=2; sample=17 | FL_CBP_CONTRACT_20261004: current J1/J2/J3 semantic-v2 preserved 2160/2160 source CBP values exactly; rank/total/per_match/recent5 source-measured; recent5_avg=recent5/5; diff_home=HOME-AWAY; rank_adv_home=AWAY_RANK-HOME_RANK; unit/exact denominator/DRAW relation unresolved.
FOOTBALL_LAB,data/analysis/football_lab_parameter_registry_semantic_v01.csv,UNCLASSIFIED,REVIEW,fl_pass_home_recent5,TEAM_WITHIN_LEAGUE_CBP_CATEGORY,FIXTURE_HOME_TEAM,SOURCE_RECENT5_CUMULATIVE,UNRESOLVED,SOURCE_MEASURED,BUILD_UP,FL_CBP_PASS,UNRESOLVED,RECOVERED_EXISTING_SEMANTIC,REVIEW_EXISTING_LINEAGE,RESEARCH_ONLY,0,file_count=2; sample=38.92 | FL_CBP_CONTRACT_20261004: current J1/J2/J3 semantic-v2 preserved 2160/2160 source CBP values exactly; rank/total/per_match/recent5 source-measured; recent5_avg=recent5/5; diff_home=HOME-AWAY; rank_adv_home=AWAY_RANK-HOME_RANK; unit/exact denominator/DRAW relation unresolved.
FOOTBALL_LAB,data/analysis/football_lab_parameter_registry_semantic_v01.csv,UNCLASSIFIED,REVIEW,fl_pass_home_total,TEAM_WITHIN_LEAGUE_CBP_CATEGORY,FIXTURE_HOME_TEAM,SOURCE_CUMULATIVE_WINDOW_EXACT_DEFINITION_UNRESOLVED,UNRESOLVED,SOURCE_MEASURED,BUILD_UP,FL_CBP_PASS,UNRESOLVED,RECOVERED_EXISTING_SEMANTIC,REVIEW_EXISTING_LINEAGE,RESEARCH_ONLY,0,file_count=2; sample=51.67 | FL_CBP_CONTRACT_20261004: current J1/J2/J3 semantic-v2 preserved 2160/2160 source CBP values exactly; rank/total/per_match/recent5 source-measured; recent5_avg=recent5/5; diff_home=HOME-AWAY; rank_adv_home=AWAY_RANK-HOME_RANK; unit/exact denominator/DRAW relation unresolved.
FOOTBALL_LAB,data/analysis/football_lab_parameter_registry_semantic_v01.csv,UNCLASSIFIED,REVIEW,fl_pass_rank_adv_home,TEAM_WITHIN_LEAGUE_CBP_CATEGORY,HOME_MINUS_AWAY_DERIVED,SOURCE_RANK_WINDOW_EXACT_DEFINITION_UNRESOLVED,UNRESOLVED,DERIVED_AWAY_RANK_MINUS_HOME_RANK,BUILD_UP_DERIVED,FL_CBP_PASS,UNRESOLVED,RECOVERED_EXISTING_SEMANTIC,REVIEW_EXISTING_LINEAGE,RESEARCH_ONLY,0,file_count=2; sample=-13 | FL_CBP_CONTRACT_20261004: current J1/J2/J3 semantic-v2 preserved 2160/2160 source CBP values exactly; rank/total/per_match/recent5 source-measured; recent5_avg=recent5/5; diff_home=HOME-AWAY; rank_adv_home=AWAY_RANK-HOME_RANK; unit/exact denominator/DRAW relation unresolved.
FOOTBALL_LAB,data/analysis/football_lab_parameter_registry_semantic_v01.csv,UNCLASSIFIED,REVIEW,fl_save_away_per_match,TEAM_WITHIN_LEAGUE_CBP_CATEGORY,FIXTURE_AWAY_TEAM,SOURCE_PER_MATCH_WINDOW_EXACT_DENOMINATOR_UNRESOLVED,UNRESOLVED,SOURCE_MEASURED,KEEPER_ACTIVITY_CONTEXT,FL_CBP_SAVE,UNRESOLVED,RECOVERED_EXISTING_SEMANTIC,REVIEW_EXISTING_LINEAGE,RESEARCH_ONLY,0,file_count=2; sample=0.59 | FL_CBP_CONTRACT_20261004: current J1/J2/J3 semantic-v2 preserved 2160/2160 source CBP values exactly; rank/total/per_match/recent5 source-measured; recent5_avg=recent5/5; diff_home=HOME-AWAY; rank_adv_home=AWAY_RANK-HOME_RANK; unit/exact denominator/DRAW relation unresolved.
FOOTBALL_LAB,data/analysis/football_lab_parameter_registry_semantic_v01.csv,UNCLASSIFIED,REVIEW,fl_save_away_rank,TEAM_WITHIN_LEAGUE_CBP_CATEGORY,FIXTURE_AWAY_TEAM,SOURCE_RANK_WINDOW_EXACT_DEFINITION_UNRESOLVED,UNRESOLVED,SOURCE_MEASURED,KEEPER_ACTIVITY_CONTEXT,FL_CBP_SAVE,UNRESOLVED,RECOVERED_EXISTING_SEMANTIC,REVIEW_EXISTING_LINEAGE,RESEARCH_ONLY,0,file_count=2; sample=6 | FL_CBP_CONTRACT_20261004: current J1/J2/J3 semantic-v2 preserved 2160/2160 source CBP values exactly; rank/total/per_match/recent5 source-measured; recent5_avg=recent5/5; diff_home=HOME-AWAY; rank_adv_home=AWAY_RANK-HOME_RANK; unit/exact denominator/DRAW relation unresolved.
FOOTBALL_LAB,data/analysis/football_lab_parameter_registry_semantic_v01.csv,UNCLASSIFIED,REVIEW,fl_save_away_recent5,TEAM_WITHIN_LEAGUE_CBP_CATEGORY,FIXTURE_AWAY_TEAM,SOURCE_RECENT5_CUMULATIVE,UNRESOLVED,SOURCE_MEASURED,KEEPER_ACTIVITY_CONTEXT,FL_CBP_SAVE,UNRESOLVED,RECOVERED_EXISTING_SEMANTIC,REVIEW_EXISTING_LINEAGE,RESEARCH_ONLY,0,file_count=2; sample=3.16 | FL_CBP_CONTRACT_20261004: current J1/J2/J3 semantic-v2 preserved 2160/2160 source CBP values exactly; rank/total/per_match/recent5 source-measured; recent5_avg=recent5/5; diff_home=HOME-AWAY; rank_adv_home=AWAY_RANK-HOME_RANK; unit/exact denominator/DRAW relation unresolved.
FOOTBALL_LAB,data/analysis/football_lab_parameter_registry_semantic_v01.csv,UNCLASSIFIED,REVIEW,fl_save_away_total,TEAM_WITHIN_LEAGUE_CBP_CATEGORY,FIXTURE_AWAY_TEAM,SOURCE_CUMULATIVE_WINDOW_EXACT_DEFINITION_UNRESOLVED,UNRESOLVED,SOURCE_MEASURED,KEEPER_ACTIVITY_CONTEXT,FL_CBP_SAVE,UNRESOLVED,RECOVERED_EXISTING_SEMANTIC,REVIEW_EXISTING_LINEAGE,RESEARCH_ONLY,0,file_count=2; sample=3.56 | FL_CBP_CONTRACT_20261004: current J1/J2/J3 semantic-v2 preserved 2160/2160 source CBP values exactly; rank/total/per_match/recent5 source-measured; recent5_avg=recent5/5; diff_home=HOME-AWAY; rank_adv_home=AWAY_RANK-HOME_RANK; unit/exact denominator/DRAW relation unresolved.
FOOTBALL_LAB,data/analysis/football_lab_parameter_registry_semantic_v01.csv,UNCLASSIFIED,REVIEW,fl_save_diff_home_per_match,TEAM_WITHIN_LEAGUE_CBP_CATEGORY,FIXTURE_HOME_TEAM,SOURCE_PER_MATCH_WINDOW_EXACT_DENOMINATOR_UNRESOLVED,UNRESOLVED,SOURCE_MEASURED,KEEPER_ACTIVITY_CONTEXT_DERIVED,FL_CBP_SAVE,UNRESOLVED,RECOVERED_EXISTING_SEMANTIC,REVIEW_EXISTING_LINEAGE,RESEARCH_ONLY,0,file_count=2; sample=-0.029999999999999916 | FL_CBP_CONTRACT_20261004: current J1/J2/J3 semantic-v2 preserved 2160/2160 source CBP values exactly; rank/total/per_match/recent5 source-measured; recent5_avg=recent5/5; diff_home=HOME-AWAY; rank_adv_home=AWAY_RANK-HOME_RANK; unit/exact denominator/DRAW relation unresolved.
FOOTBALL_LAB,data/analysis/football_lab_parameter_registry_semantic_v01.csv,UNCLASSIFIED,REVIEW,fl_save_diff_home_recent5,TEAM_WITHIN_LEAGUE_CBP_CATEGORY,FIXTURE_HOME_TEAM,SOURCE_RECENT5_CUMULATIVE,UNRESOLVED,SOURCE_MEASURED,KEEPER_ACTIVITY_CONTEXT_DERIVED,FL_CBP_SAVE,UNRESOLVED,RECOVERED_EXISTING_SEMANTIC,REVIEW_EXISTING_LINEAGE,RESEARCH_ONLY,0,file_count=2; sample=-0.31000000000000005 | FL_CBP_CONTRACT_20261004: current J1/J2/J3 semantic-v2 preserved 2160/2160 source CBP values exactly; rank/total/per_match/recent5 source-measured; recent5_avg=recent5/5; diff_home=HOME-AWAY; rank_adv_home=AWAY_RANK-HOME_RANK; unit/exact denominator/DRAW relation unresolved.
FOOTBALL_LAB,data/analysis/football_lab_parameter_registry_semantic_v01.csv,UNCLASSIFIED,REVIEW,fl_save_diff_home_total,TEAM_WITHIN_LEAGUE_CBP_CATEGORY,FIXTURE_HOME_TEAM,SOURCE_CUMULATIVE_WINDOW_EXACT_DEFINITION_UNRESOLVED,UNRESOLVED,SOURCE_MEASURED,KEEPER_ACTIVITY_CONTEXT_DERIVED,FL_CBP_SAVE,UNRESOLVED,RECOVERED_EXISTING_SEMANTIC,REVIEW_EXISTING_LINEAGE,RESEARCH_ONLY,0,file_count=2; sample=-0.18999999999999995 | FL_CBP_CONTRACT_20261004: current J1/J2/J3 semantic-v2 preserved 2160/2160 source CBP values exactly; rank/total/per_match/recent5 source-measured; recent5_avg=recent5/5; diff_home=HOME-AWAY; rank_adv_home=AWAY_RANK-HOME_RANK; unit/exact denominator/DRAW relation unresolved.
FOOTBALL_LAB,data/analysis/football_lab_parameter_registry_semantic_v01.csv,UNCLASSIFIED,REVIEW,fl_save_home_per_match,TEAM_WITHIN_LEAGUE_CBP_CATEGORY,FIXTURE_HOME_TEAM,SOURCE_PER_MATCH_WINDOW_EXACT_DENOMINATOR_UNRESOLVED,UNRESOLVED,SOURCE_MEASURED,KEEPER_ACTIVITY_CONTEXT,FL_CBP_SAVE,UNRESOLVED,RECOVERED_EXISTING_SEMANTIC,REVIEW_EXISTING_LINEAGE,RESEARCH_ONLY,0,file_count=2; sample=0.56 | FL_CBP_CONTRACT_20261004: current J1/J2/J3 semantic-v2 preserved 2160/2160 source CBP values exactly; rank/total/per_match/recent5 source-measured; recent5_avg=recent5/5; diff_home=HOME-AWAY; rank_adv_home=AWAY_RANK-HOME_RANK; unit/exact denominator/DRAW relation unresolved.
FOOTBALL_LAB,data/analysis/football_lab_parameter_registry_semantic_v01.csv,UNCLASSIFIED,REVIEW,fl_save_home_rank,TEAM_WITHIN_LEAGUE_CBP_CATEGORY,FIXTURE_HOME_TEAM,SOURCE_RANK_WINDOW_EXACT_DEFINITION_UNRESOLVED,UNRESOLVED,SOURCE_MEASURED,KEEPER_ACTIVITY_CONTEXT,FL_CBP_SAVE,UNRESOLVED,RECOVERED_EXISTING_SEMANTIC,REVIEW_EXISTING_LINEAGE,RESEARCH_ONLY,0,file_count=2; sample=8 | FL_CBP_CONTRACT_20261004: current J1/J2/J3 semantic-v2 preserved 2160/2160 source CBP values exactly; rank/total/per_match/recent5 source-measured; recent5_avg=recent5/5; diff_home=HOME-AWAY; rank_adv_home=AWAY_RANK-HOME_RANK; unit/exact denominator/DRAW relation unresolved.
FOOTBALL_LAB,data/analysis/football_lab_parameter_registry_semantic_v01.csv,UNCLASSIFIED,REVIEW,fl_save_home_recent5,TEAM_WITHIN_LEAGUE_CBP_CATEGORY,FIXTURE_HOME_TEAM,SOURCE_RECENT5_CUMULATIVE,UNRESOLVED,SOURCE_MEASURED,KEEPER_ACTIVITY_CONTEXT,FL_CBP_SAVE,UNRESOLVED,RECOVERED_EXISTING_SEMANTIC,REVIEW_EXISTING_LINEAGE,RESEARCH_ONLY,0,file_count=2; sample=2.85 | FL_CBP_CONTRACT_20261004: current J1/J2/J3 semantic-v2 preserved 2160/2160 source CBP values exactly; rank/total/per_match/recent5 source-measured; recent5_avg=recent5/5; diff_home=HOME-AWAY; rank_adv_home=AWAY_RANK-HOME_RANK; unit/exact denominator/DRAW relation unresolved.
FOOTBALL_LAB,data/analysis/football_lab_parameter_registry_semantic_v01.csv,UNCLASSIFIED,REVIEW,fl_save_home_total,TEAM_WITHIN_LEAGUE_CBP_CATEGORY,FIXTURE_HOME_TEAM,SOURCE_CUMULATIVE_WINDOW_EXACT_DEFINITION_UNRESOLVED,UNRESOLVED,SOURCE_MEASURED,KEEPER_ACTIVITY_CONTEXT,FL_CBP_SAVE,UNRESOLVED,RECOVERED_EXISTING_SEMANTIC,REVIEW_EXISTING_LINEAGE,RESEARCH_ONLY,0,file_count=2; sample=3.37 | FL_CBP_CONTRACT_20261004: current J1/J2/J3 semantic-v2 preserved 2160/2160 source CBP values exactly; rank/total/per_match/recent5 source-measured; recent5_avg=recent5/5; diff_home=HOME-AWAY; rank_adv_home=AWAY_RANK-HOME_RANK; unit/exact denominator/DRAW relation unresolved.
FOOTBALL_LAB,data/analysis/football_lab_parameter_registry_semantic_v01.csv,UNCLASSIFIED,REVIEW,fl_save_rank_adv_home,TEAM_WITHIN_LEAGUE_CBP_CATEGORY,HOME_MINUS_AWAY_DERIVED,SOURCE_RANK_WINDOW_EXACT_DEFINITION_UNRESOLVED,UNRESOLVED,DERIVED_AWAY_RANK_MINUS_HOME_RANK,KEEPER_ACTIVITY_CONTEXT_DERIVED,FL_CBP_SAVE,UNRESOLVED,RECOVERED_EXISTING_SEMANTIC,REVIEW_EXISTING_LINEAGE,RESEARCH_ONLY,0,file_count=2; sample=-2 | FL_CBP_CONTRACT_20261004: current J1/J2/J3 semantic-v2 preserved 2160/2160 source CBP values exactly; rank/total/per_match/recent5 source-measured; recent5_avg=recent5/5; diff_home=HOME-AWAY; rank_adv_home=AWAY_RANK-HOME_RANK; unit/exact denominator/DRAW relation unresolved.
FOOTBALL_LAB,data/analysis/football_lab_parameter_registry_semantic_v01.csv,UNCLASSIFIED,REVIEW,fl_shot_away_per_match,TEAM_WITHIN_LEAGUE_CBP_CATEGORY,FIXTURE_AWAY_TEAM,SOURCE_PER_MATCH_WINDOW_EXACT_DENOMINATOR_UNRESOLVED,UNRESOLVED,SOURCE_MEASURED,SHOT_GENERATION,FL_CBP_SHOT,UNRESOLVED,RECOVERED_EXISTING_SEMANTIC,REVIEW_EXISTING_LINEAGE,RESEARCH_ONLY,0,file_count=2; sample=9.61 | FL_CBP_CONTRACT_20261004: current J1/J2/J3 semantic-v2 preserved 2160/2160 source CBP values exactly; rank/total/per_match/recent5 source-measured; recent5_avg=recent5/5; diff_home=HOME-AWAY; rank_adv_home=AWAY_RANK-HOME_RANK; unit/exact denominator/DRAW relation unresolved.
FOOTBALL_LAB,data/analysis/football_lab_parameter_registry_semantic_v01.csv,UNCLASSIFIED,REVIEW,fl_shot_away_rank,TEAM_WITHIN_LEAGUE_CBP_CATEGORY,FIXTURE_AWAY_TEAM,SOURCE_RANK_WINDOW_EXACT_DEFINITION_UNRESOLVED,UNRESOLVED,SOURCE_MEASURED,SHOT_GENERATION,FL_CBP_SHOT,UNRESOLVED,RECOVERED_EXISTING_SEMANTIC,REVIEW_EXISTING_LINEAGE,RESEARCH_ONLY,0,file_count=2; sample=6 | FL_CBP_CONTRACT_20261004: current J1/J2/J3 semantic-v2 preserved 2160/2160 source CBP values exactly; rank/total/per_match/recent5 source-measured; recent5_avg=recent5/5; diff_home=HOME-AWAY; rank_adv_home=AWAY_RANK-HOME_RANK; unit/exact denominator/DRAW relation unresolved.
FOOTBALL_LAB,data/analysis/football_lab_parameter_registry_semantic_v01.csv,UNCLASSIFIED,REVIEW,fl_shot_away_recent5,TEAM_WITHIN_LEAGUE_CBP_CATEGORY,FIXTURE_AWAY_TEAM,SOURCE_RECENT5_CUMULATIVE,UNRESOLVED,SOURCE_MEASURED,SHOT_GENERATION,FL_CBP_SHOT,UNRESOLVED,RECOVERED_EXISTING_SEMANTIC,REVIEW_EXISTING_LINEAGE,RESEARCH_ONLY,0,file_count=2; sample=51.36 | FL_CBP_CONTRACT_20261004: current J1/J2/J3 semantic-v2 preserved 2160/2160 source CBP values exactly; rank/total/per_match/recent5 source-measured; recent5_avg=recent5/5; diff_home=HOME-AWAY; rank_adv_home=AWAY_RANK-HOME_RANK; unit/exact denominator/DRAW relation unresolved.
FOOTBALL_LAB,data/analysis/football_lab_parameter_registry_semantic_v01.csv,UNCLASSIFIED,REVIEW,fl_shot_away_total,TEAM_WITHIN_LEAGUE_CBP_CATEGORY,FIXTURE_AWAY_TEAM,SOURCE_CUMULATIVE_WINDOW_EXACT_DEFINITION_UNRESOLVED,UNRESOLVED,SOURCE_MEASURED,SHOT_GENERATION,FL_CBP_SHOT,UNRESOLVED,RECOVERED_EXISTING_SEMANTIC,REVIEW_EXISTING_LINEAGE,RESEARCH_ONLY,0,file_count=2; sample=57.68 | FL_CBP_CONTRACT_20261004: current J1/J2/J3 semantic-v2 preserved 2160/2160 source CBP values exactly; rank/total/per_match/recent5 source-measured; recent5_avg=recent5/5; diff_home=HOME-AWAY; rank_adv_home=AWAY_RANK-HOME_RANK; unit/exact denominator/DRAW relation unresolved.
FOOTBALL_LAB,data/analysis/football_lab_parameter_registry_semantic_v01.csv,UNCLASSIFIED,REVIEW,fl_shot_diff_home_per_match,TEAM_WITHIN_LEAGUE_CBP_CATEGORY,FIXTURE_HOME_TEAM,SOURCE_PER_MATCH_WINDOW_EXACT_DENOMINATOR_UNRESOLVED,UNRESOLVED,SOURCE_MEASURED,SHOT_GENERATION_DERIVED,FL_CBP_SHOT,UNRESOLVED,RECOVERED_EXISTING_SEMANTIC,REVIEW_EXISTING_LINEAGE,RESEARCH_ONLY,0,file_count=2; sample=-2.7799999999999994 | FL_CBP_CONTRACT_20261004: current J1/J2/J3 semantic-v2 preserved 2160/2160 source CBP values exactly; rank/total/per_match/recent5 source-measured; recent5_avg=recent5/5; diff_home=HOME-AWAY; rank_adv_home=AWAY_RANK-HOME_RANK; unit/exact denominator/DRAW relation unresolved.
FOOTBALL_LAB,data/analysis/football_lab_parameter_registry_semantic_v01.csv,UNCLASSIFIED,REVIEW,fl_shot_diff_home_recent5,TEAM_WITHIN_LEAGUE_CBP_CATEGORY,FIXTURE_HOME_TEAM,SOURCE_RECENT5_CUMULATIVE,UNRESOLVED,SOURCE_MEASURED,SHOT_GENERATION_DERIVED,FL_CBP_SHOT,UNRESOLVED,RECOVERED_EXISTING_SEMANTIC,REVIEW_EXISTING_LINEAGE,RESEARCH_ONLY,0,file_count=2; sample=-14.229999999999997 | FL_CBP_CONTRACT_20261004: current J1/J2/J3 semantic-v2 preserved 2160/2160 source CBP values exactly; rank/total/per_match/recent5 source-measured; recent5_avg=recent5/5; diff_home=HOME-AWAY; rank_adv_home=AWAY_RANK-HOME_RANK; unit/exact denominator/DRAW relation unresolved.
FOOTBALL_LAB,data/analysis/football_lab_parameter_registry_semantic_v01.csv,UNCLASSIFIED,REVIEW,fl_shot_diff_home_total,TEAM_WITHIN_LEAGUE_CBP_CATEGORY,FIXTURE_HOME_TEAM,SOURCE_CUMULATIVE_WINDOW_EXACT_DEFINITION_UNRESOLVED,UNRESOLVED,SOURCE_MEASURED,SHOT_GENERATION_DERIVED,FL_CBP_SHOT,UNRESOLVED,RECOVERED_EXISTING_SEMANTIC,REVIEW_EXISTING_LINEAGE,RESEARCH_ONLY,0,file_count=2; sample=-16.72 | FL_CBP_CONTRACT_20261004: current J1/J2/J3 semantic-v2 preserved 2160/2160 source CBP values exactly; rank/total/per_match/recent5 source-measured; recent5_avg=recent5/5; diff_home=HOME-AWAY; rank_adv_home=AWAY_RANK-HOME_RANK; unit/exact denominator/DRAW relation unresolved.
FOOTBALL_LAB,data/analysis/football_lab_parameter_registry_semantic_v01.csv,UNCLASSIFIED,REVIEW,fl_shot_home_per_match,TEAM_WITHIN_LEAGUE_CBP_CATEGORY,FIXTURE_HOME_TEAM,SOURCE_PER_MATCH_WINDOW_EXACT_DENOMINATOR_UNRESOLVED,UNRESOLVED,SOURCE_MEASURED,SHOT_GENERATION,FL_CBP_SHOT,UNRESOLVED,RECOVERED_EXISTING_SEMANTIC,REVIEW_EXISTING_LINEAGE,RESEARCH_ONLY,0,file_count=2; sample=6.83 | FL_CBP_CONTRACT_20261004: current J1/J2/J3 semantic-v2 preserved 2160/2160 source CBP values exactly; rank/total/per_match/recent5 source-measured; recent5_avg=recent5/5; diff_home=HOME-AWAY; rank_adv_home=AWAY_RANK-HOME_RANK; unit/exact denominator/DRAW relation unresolved.
FOOTBALL_LAB,data/analysis/football_lab_parameter_registry_semantic_v01.csv,UNCLASSIFIED,REVIEW,fl_shot_home_rank,TEAM_WITHIN_LEAGUE_CBP_CATEGORY,FIXTURE_HOME_TEAM,SOURCE_RANK_WINDOW_EXACT_DEFINITION_UNRESOLVED,UNRESOLVED,SOURCE_MEASURED,SHOT_GENERATION,FL_CBP_SHOT,UNRESOLVED,RECOVERED_EXISTING_SEMANTIC,REVIEW_EXISTING_LINEAGE,RESEARCH_ONLY,0,file_count=2; sample=14 | FL_CBP_CONTRACT_20261004: current J1/J2/J3 semantic-v2 preserved 2160/2160 source CBP values exactly; rank/total/per_match/recent5 source-measured; recent5_avg=recent5/5; diff_home=HOME-AWAY; rank_adv_home=AWAY_RANK-HOME_RANK; unit/exact denominator/DRAW relation unresolved.
FOOTBALL_LAB,data/analysis/football_lab_parameter_registry_semantic_v01.csv,UNCLASSIFIED,REVIEW,fl_shot_home_recent5,TEAM_WITHIN_LEAGUE_CBP_CATEGORY,FIXTURE_HOME_TEAM,SOURCE_RECENT5_CUMULATIVE,UNRESOLVED,SOURCE_MEASURED,SHOT_GENERATION,FL_CBP_SHOT,UNRESOLVED,RECOVERED_EXISTING_SEMANTIC,REVIEW_EXISTING_LINEAGE,RESEARCH_ONLY,0,file_count=2; sample=37.13 | FL_CBP_CONTRACT_20261004: current J1/J2/J3 semantic-v2 preserved 2160/2160 source CBP values exactly; rank/total/per_match/recent5 source-measured; recent5_avg=recent5/5; diff_home=HOME-AWAY; rank_adv_home=AWAY_RANK-HOME_RANK; unit/exact denominator/DRAW relation unresolved.
FOOTBALL_LAB,data/analysis/football_lab_parameter_registry_semantic_v01.csv,UNCLASSIFIED,REVIEW,fl_shot_home_total,TEAM_WITHIN_LEAGUE_CBP_CATEGORY,FIXTURE_HOME_TEAM,SOURCE_CUMULATIVE_WINDOW_EXACT_DEFINITION_UNRESOLVED,UNRESOLVED,SOURCE_MEASURED,SHOT_GENERATION,FL_CBP_SHOT,UNRESOLVED,RECOVERED_EXISTING_SEMANTIC,REVIEW_EXISTING_LINEAGE,RESEARCH_ONLY,0,file_count=2; sample=40.96 | FL_CBP_CONTRACT_20261004: current J1/J2/J3 semantic-v2 preserved 2160/2160 source CBP values exactly; rank/total/per_match/recent5 source-measured; recent5_avg=recent5/5; diff_home=HOME-AWAY; rank_adv_home=AWAY_RANK-HOME_RANK; unit/exact denominator/DRAW relation unresolved.
FOOTBALL_LAB,data/analysis/football_lab_parameter_registry_semantic_v01.csv,UNCLASSIFIED,REVIEW,fl_shot_rank_adv_home,TEAM_WITHIN_LEAGUE_CBP_CATEGORY,HOME_MINUS_AWAY_DERIVED,SOURCE_RANK_WINDOW_EXACT_DEFINITION_UNRESOLVED,UNRESOLVED,DERIVED_AWAY_RANK_MINUS_HOME_RANK,SHOT_GENERATION_DERIVED,FL_CBP_SHOT,UNRESOLVED,RECOVERED_EXISTING_SEMANTIC,REVIEW_EXISTING_LINEAGE,RESEARCH_ONLY,0,file_count=2; sample=-8 | FL_CBP_CONTRACT_20261004: current J1/J2/J3 semantic-v2 preserved 2160/2160 source CBP values exactly; rank/total/per_match/recent5 source-measured; recent5_avg=recent5/5; diff_home=HOME-AWAY; rank_adv_home=AWAY_RANK-HOME_RANK; unit/exact denominator/DRAW relation unresolved.
FOOTBALL_LAB,data/analysis/football_lab_parameter_registry_semantic_v01.csv,CROSS_SOURCE,FOOTYSTATS,footystats_link_status,UNRESOLVED,UNRESOLVED,UNRESOLVED,UNRESOLVED,UNRESOLVED,FOOTYSTATS,REVIEW_EXISTING_FL_POLICY,UNRESOLVED,FOOTYSTATS,REVIEW_EXISTING_LINEAGE,RESEARCH_ONLY,0,file_count=4; sample=JL_ONLY_NO_FS_LINK
FOOTBALL_LAB,data/analysis/football_lab_parameter_registry_semantic_v01.csv,FL_DERIVED,PLAYER_XI_CONTEXT,formation,UNRESOLVED,UNRESOLVED,UNRESOLVED,UNRESOLVED,UNRESOLVED,PLAYER_XI_CONTEXT,REVIEW_EXISTING_FL_POLICY,UNRESOLVED,PLAYER_XI_CONTEXT,REVIEW_EXISTING_LINEAGE,RESEARCH_ONLY,0,file_count=1; sample=3-4-2-1
FOOTBALL_LAB,data/analysis/football_lab_parameter_registry_semantic_v01.csv,FL_DERIVED,PLAYER_XI_CONTEXT,formation_available,UNRESOLVED,UNRESOLVED,UNRESOLVED,UNRESOLVED,UNRESOLVED,PLAYER_XI_CONTEXT,REVIEW_EXISTING_FL_POLICY,UNRESOLVED,PLAYER_XI_CONTEXT,REVIEW_EXISTING_LINEAGE,RESEARCH_ONLY,0,file_count=1; sample=False
FOOTBALL_LAB,data/analysis/football_lab_parameter_registry_semantic_v01.csv,FL_DERIVED,PLAYER_XI_CONTEXT,formation_pending,UNRESOLVED,UNRESOLVED,UNRESOLVED,UNRESOLVED,UNRESOLVED,PLAYER_XI_CONTEXT,REVIEW_EXISTING_FL_POLICY,UNRESOLVED,PLAYER_XI_CONTEXT,REVIEW_EXISTING_LINEAGE,RESEARCH_ONLY,0,file_count=12; sample=True
FOOTBALL_LAB,data/analysis/football_lab_parameter_registry_semantic_v01.csv,FL_DERIVED,PLAYER_XI_CONTEXT,formation_status,UNRESOLVED,UNRESOLVED,UNRESOLVED,UNRESOLVED,UNRESOLVED,PLAYER_XI_CONTEXT,REVIEW_EXISTING_FL_POLICY,UNRESOLVED,PLAYER_XI_CONTEXT,REVIEW_EXISTING_LINEAGE,RESEARCH_ONLY,0,file_count=1; sample=UNAVAILABLE_PENDING_SOURCE
FOOTBALL_LAB,data/analysis/football_lab_parameter_registry_semantic_v01.csv,CROSS_SOURCE,FOOTYSTATS,fs_attack_power,UNRESOLVED,UNRESOLVED,UNRESOLVED,UNRESOLVED,UNRESOLVED,FOOTYSTATS,REVIEW_EXISTING_FL_POLICY,UNRESOLVED,FOOTYSTATS,REVIEW_EXISTING_LINEAGE,RESEARCH_ONLY,0,file_count=8; sample=nan
FOOTBALL_LAB,data/analysis/football_lab_parameter_registry_semantic_v01.csv,CROSS_SOURCE,FOOTYSTATS,fs_birthday,UNRESOLVED,UNRESOLVED,UNRESOLVED,UNRESOLVED,UNRESOLVED,FOOTYSTATS,REVIEW_EXISTING_FL_POLICY,UNRESOLVED,FOOTYSTATS,REVIEW_EXISTING_LINEAGE,RESEARCH_ONLY,0,file_count=1; sample=976348800.0
FOOTBALL_LAB,data/analysis/football_lab_parameter_registry_semantic_v01.csv,CROSS_SOURCE,FOOTYSTATS,fs_build_up_power,UNRESOLVED,UNRESOLVED,UNRESOLVED,UNRESOLVED,UNRESOLVED,FOOTYSTATS,REVIEW_EXISTING_FL_POLICY,UNRESOLVED,FOOTYSTATS,REVIEW_EXISTING_LINEAGE,RESEARCH_ONLY,0,file_count=8; sample=nan
FOOTBALL_LAB,data/analysis/football_lab_parameter_registry_semantic_v01.csv,CROSS_SOURCE,FOOTYSTATS,fs_club,UNRESOLVED,UNRESOLVED,UNRESOLVED,UNRESOLVED,UNRESOLVED,FOOTYSTATS,REVIEW_EXISTING_FL_POLICY,UNRESOLVED,FOOTYSTATS,REVIEW_EXISTING_LINEAGE,RESEARCH_ONLY,0,file_count=8; sample=nan
FOOTBALL_LAB,data/analysis/football_lab_parameter_registry_semantic_v01.csv,CROSS_SOURCE,FOOTYSTATS,fs_defensive_power,UNRESOLVED,UNRESOLVED,UNRESOLVED,UNRESOLVED,UNRESOLVED,FOOTYSTATS,REVIEW_EXISTING_FL_POLICY,UNRESOLVED,FOOTYSTATS,REVIEW_EXISTING_LINEAGE,RESEARCH_ONLY,0,file_count=8; sample=nan
FOOTBALL_LAB,data/analysis/football_lab_parameter_registry_semantic_v01.csv,CROSS_SOURCE,FOOTYSTATS,fs_finishing_power,UNRESOLVED,UNRESOLVED,UNRESOLVED,UNRESOLVED,UNRESOLVED,FOOTYSTATS,REVIEW_EXISTING_FL_POLICY,UNRESOLVED,FOOTYSTATS,REVIEW_EXISTING_LINEAGE,RESEARCH_ONLY,0,file_count=8; sample=nan
FOOTBALL_LAB,data/analysis/football_lab_parameter_registry_semantic_v01.csv,CROSS_SOURCE,FOOTYSTATS,fs_full_name,UNRESOLVED,UNRESOLVED,UNRESOLVED,UNRESOLVED,UNRESOLVED,FOOTYSTATS,REVIEW_EXISTING_FL_POLICY,UNRESOLVED,FOOTYSTATS,REVIEW_EXISTING_LINEAGE,RESEARCH_ONLY,0,file_count=8; sample=nan
FOOTBALL_LAB,data/analysis/football_lab_parameter_registry_semantic_v01.csv,CROSS_SOURCE,FOOTYSTATS,fs_identity_key,UNRESOLVED,UNRESOLVED,UNRESOLVED,UNRESOLVED,UNRESOLVED,FOOTYSTATS,REVIEW_EXISTING_FL_POLICY,UNRESOLVED,FOOTYSTATS,REVIEW_EXISTING_LINEAGE,RESEARCH_ONLY,0,file_count=7; sample=nan
FOOTBALL_LAB,data/analysis/football_lab_parameter_registry_semantic_v01.csv,CROSS_SOURCE,FOOTYSTATS,fs_keeper_power,UNRESOLVED,UNRESOLVED,UNRESOLVED,UNRESOLVED,UNRESOLVED,FOOTYSTATS,REVIEW_EXISTING_FL_POLICY,UNRESOLVED,FOOTYSTATS,REVIEW_EXISTING_LINEAGE,RESEARCH_ONLY,0,file_count=8; sample=nan
FOOTBALL_LAB,data/analysis/football_lab_parameter_registry_semantic_v01.csv,CROSS_SOURCE,FOOTYSTATS,fs_minutes,UNRESOLVED,UNRESOLVED,UNRESOLVED,UNRESOLVED,UNRESOLVED,FOOTYSTATS,REVIEW_EXISTING_FL_POLICY,UNRESOLVED,FOOTYSTATS,REVIEW_EXISTING_LINEAGE,RESEARCH_ONLY,0,file_count=1; sample=513.0
FOOTBALL_LAB,data/analysis/football_lab_parameter_registry_semantic_v01.csv,CROSS_SOURCE,FOOTYSTATS,fs_posgrp,UNRESOLVED,UNRESOLVED,UNRESOLVED,UNRESOLVED,UNRESOLVED,FOOTYSTATS,REVIEW_EXISTING_FL_POLICY,UNRESOLVED,FOOTYSTATS,REVIEW_EXISTING_LINEAGE,RESEARCH_ONLY,0,file_count=1; sample=FW
FOOTBALL_LAB,data/analysis/football_lab_parameter_registry_semantic_v01.csv,CROSS_SOURCE,FOOTYSTATS,fs_position,UNRESOLVED,UNRESOLVED,UNRESOLVED,UNRESOLVED,UNRESOLVED,FOOTYSTATS,REVIEW_EXISTING_FL_POLICY,UNRESOLVED,FOOTYSTATS,REVIEW_EXISTING_LINEAGE,RESEARCH_ONLY,0,file_count=8; sample=nan
FOOTBALL_LAB,data/analysis/football_lab_parameter_registry_semantic_v01.csv,CROSS_SOURCE,FOOTYSTATS,fs_reliability,UNRESOLVED,UNRESOLVED,UNRESOLVED,UNRESOLVED,UNRESOLVED,FOOTYSTATS,REVIEW_EXISTING_FL_POLICY,UNRESOLVED,FOOTYSTATS,REVIEW_EXISTING_LINEAGE,RESEARCH_ONLY,0,file_count=8; sample=nan
FOOTBALL_LAB,data/analysis/football_lab_parameter_registry_semantic_v01.csv,CROSS_SOURCE,FOOTYSTATS,fs_shirt_number,UNRESOLVED,UNRESOLVED,UNRESOLVED,UNRESOLVED,UNRESOLVED,FOOTYSTATS,REVIEW_EXISTING_FL_POLICY,UNRESOLVED,FOOTYSTATS,REVIEW_EXISTING_LINEAGE,RESEARCH_ONLY,0,file_count=8; sample=nan
FOOTBALL_LAB,data/analysis/football_lab_parameter_registry_semantic_v01.csv,CROSS_SOURCE,FOOTYSTATS,fs_width_carry_power,UNRESOLVED,UNRESOLVED,UNRESOLVED,UNRESOLVED,UNRESOLVED,FOOTYSTATS,REVIEW_EXISTING_FL_POLICY,UNRESOLVED,FOOTYSTATS,REVIEW_EXISTING_LINEAGE,RESEARCH_ONLY,0,file_count=8; sample=nan
FOOTBALL_LAB,data/analysis/football_lab_parameter_registry_semantic_v01.csv,FL_DERIVED,SEMANTIC,gain_away_z,UNRESOLVED,UNRESOLVED,UNRESOLVED,UNRESOLVED,UNRESOLVED,SEMANTIC,REVIEW_EXISTING_FL_POLICY,UNRESOLVED,SEMANTIC,REVIEW_EXISTING_LINEAGE,RESEARCH_ONLY,0,file_count=2; sample=-1.1081776431555486
FOOTBALL_LAB,data/analysis/football_lab_parameter_registry_semantic_v01.csv,FL_RAW,CBP,gain_cbp_per_match,UNRESOLVED,UNRESOLVED,UNRESOLVED,UNRESOLVED,UNRESOLVED,CBP,REVIEW_EXISTING_FL_POLICY,UNRESOLVED,CBP,REVIEW_EXISTING_LINEAGE,RESEARCH_ONLY,0,file_count=1; sample=80.66
FOOTBALL_LAB,data/analysis/football_lab_parameter_registry_semantic_v01.csv,FL_RAW,CBP,gain_cbp_rank,UNRESOLVED,UNRESOLVED,UNRESOLVED,UNRESOLVED,UNRESOLVED,CBP,REVIEW_EXISTING_FL_POLICY,UNRESOLVED,CBP,REVIEW_EXISTING_LINEAGE,RESEARCH_ONLY,0,file_count=1; sample=12
FOOTBALL_LAB,data/analysis/football_lab_parameter_registry_semantic_v01.csv,FL_RAW,CBP,gain_cbp_recent5,UNRESOLVED,UNRESOLVED,UNRESOLVED,UNRESOLVED,UNRESOLVED,CBP,REVIEW_EXISTING_FL_POLICY,UNRESOLVED,CBP,REVIEW_EXISTING_LINEAGE,RESEARCH_ONLY,0,file_count=1; sample=381.93
FOOTBALL_LAB,data/analysis/football_lab_parameter_registry_semantic_v01.csv,FL_RAW,CBP,gain_cbp_total,UNRESOLVED,UNRESOLVED,UNRESOLVED,UNRESOLVED,UNRESOLVED,CBP,REVIEW_EXISTING_FL_POLICY,UNRESOLVED,CBP,REVIEW_EXISTING_LINEAGE,RESEARCH_ONLY,0,file_count=1; sample=483.95
FOOTBALL_LAB,data/analysis/football_lab_parameter_registry_semantic_v01.csv,FL_DERIVED,SEMANTIC,gain_home_z,UNRESOLVED,UNRESOLVED,UNRESOLVED,UNRESOLVED,UNRESOLVED,SEMANTIC,REVIEW_EXISTING_FL_POLICY,UNRESOLVED,SEMANTIC,REVIEW_EXISTING_LINEAGE,RESEARCH_ONLY,0,file_count=2; sample=-1.161016010161677
FOOTBALL_LAB,data/analysis/football_lab_parameter_registry_semantic_v01.csv,FL_DERIVED,SEMANTIC,gain_z_diff_home,UNRESOLVED,UNRESOLVED,UNRESOLVED,UNRESOLVED,UNRESOLVED,SEMANTIC,REVIEW_EXISTING_FL_POLICY,UNRESOLVED,SEMANTIC,REVIEW_EXISTING_LINEAGE,RESEARCH_ONLY,0,file_count=2; sample=-0.05283836700612854
FOOTBALL_LAB,data/analysis/football_lab_parameter_registry_semantic_v01.csv,FL_DERIVED,SEMANTIC,goal_away_z,UNRESOLVED,UNRESOLVED,UNRESOLVED,UNRESOLVED,UNRESOLVED,SEMANTIC,REVIEW_EXISTING_FL_POLICY,UNRESOLVED,SEMANTIC,REVIEW_EXISTING_LINEAGE,RESEARCH_ONLY,0,file_count=2; sample=0.9488024310878724
FOOTBALL_LAB,data/analysis/football_lab_parameter_registry_semantic_v01.csv,FL_RAW,CBP,goal_cbp_per_match,UNRESOLVED,UNRESOLVED,UNRESOLVED,UNRESOLVED,UNRESOLVED,CBP,REVIEW_EXISTING_FL_POLICY,UNRESOLVED,CBP,REVIEW_EXISTING_LINEAGE,RESEARCH_ONLY,0,file_count=1; sample=8.54
FOOTBALL_LAB,data/analysis/football_lab_parameter_registry_semantic_v01.csv,FL_RAW,CBP,goal_cbp_rank,UNRESOLVED,UNRESOLVED,UNRESOLVED,UNRESOLVED,UNRESOLVED,CBP,REVIEW_EXISTING_FL_POLICY,UNRESOLVED,CBP,REVIEW_EXISTING_LINEAGE,RESEARCH_ONLY,0,file_count=1; sample=1
FOOTBALL_LAB,data/analysis/football_lab_parameter_registry_semantic_v01.csv,FL_RAW,CBP,goal_cbp_recent5,UNRESOLVED,UNRESOLVED,UNRESOLVED,UNRESOLVED,UNRESOLVED,CBP,REVIEW_EXISTING_FL_POLICY,UNRESOLVED,CBP,REVIEW_EXISTING_LINEAGE,RESEARCH_ONLY,0,file_count=1; sample=38.98
FOOTBALL_LAB,data/analysis/football_lab_parameter_registry_semantic_v01.csv,FL_RAW,CBP,goal_cbp_total,UNRESOLVED,UNRESOLVED,UNRESOLVED,UNRESOLVED,UNRESOLVED,CBP,REVIEW_EXISTING_FL_POLICY,UNRESOLVED,CBP,REVIEW_EXISTING_LINEAGE,RESEARCH_ONLY,0,file_count=1; sample=51.21
FOOTBALL_LAB,data/analysis/football_lab_parameter_registry_semantic_v01.csv,FL_DERIVED,SEMANTIC,goal_home_z,UNRESOLVED,UNRESOLVED,UNRESOLVED,UNRESOLVED,UNRESOLVED,SEMANTIC,REVIEW_EXISTING_FL_POLICY,UNRESOLVED,SEMANTIC,REVIEW_EXISTING_LINEAGE,RESEARCH_ONLY,0,file_count=2; sample=0.32626579273615175
FOOTBALL_LAB,data/analysis/football_lab_parameter_registry_semantic_v01.csv,FL_DERIVED,SEMANTIC,goal_z_diff_home,UNRESOLVED,UNRESOLVED,UNRESOLVED,UNRESOLVED,UNRESOLVED,SEMANTIC,REVIEW_EXISTING_FL_POLICY,UNRESOLVED,SEMANTIC,REVIEW_EXISTING_LINEAGE,RESEARCH_ONLY,0,file_count=2; sample=-0.6225366383517207
FOOTBALL_LAB,data/analysis/football_lab_parameter_registry_semantic_v01.csv,FL_RAW,TEAM_CONTEXT,goals_against,UNRESOLVED,UNRESOLVED,UNRESOLVED,UNRESOLVED,UNRESOLVED,TEAM_CONTEXT,REVIEW_EXISTING_FL_POLICY,UNRESOLVED,TEAM_CONTEXT,REVIEW_EXISTING_LINEAGE,RESEARCH_ONLY,0,file_count=1; sample=5
FOOTBALL_LAB,data/analysis/football_lab_parameter_registry_semantic_v01.csv,FL_RAW,TEAM_CONTEXT,goals_for,UNRESOLVED,UNRESOLVED,UNRESOLVED,UNRESOLVED,UNRESOLVED,TEAM_CONTEXT,REVIEW_EXISTING_FL_POLICY,UNRESOLVED,TEAM_CONTEXT,REVIEW_EXISTING_LINEAGE,RESEARCH_ONLY,0,file_count=1; sample=18
FOOTBALL_LAB,data/analysis/football_lab_parameter_registry_semantic_v01.csv,FL_RAW,HOTZONE_RAW,grid_col_raw,UNRESOLVED,UNRESOLVED,UNRESOLVED,UNRESOLVED,UNRESOLVED,HOTZONE_RAW,REVIEW_EXISTING_FL_POLICY,UNRESOLVED,HOTZONE_RAW,REVIEW_EXISTING_LINEAGE,RESEARCH_ONLY,0,file_count=3; sample=0
FOOTBALL_LAB,data/analysis/football_lab_parameter_registry_semantic_v01.csv,FL_RAW,HOTZONE_RAW,grid_row_raw,UNRESOLVED,UNRESOLVED,UNRESOLVED,UNRESOLVED,UNRESOLVED,HOTZONE_RAW,REVIEW_EXISTING_FL_POLICY,UNRESOLVED,HOTZONE_RAW,REVIEW_EXISTING_LINEAGE,RESEARCH_ONLY,0,file_count=3; sample=0
FOOTBALL_LAB,data/analysis/football_lab_parameter_registry_semantic_v01.csv,UNCLASSIFIED,REVIEW,home_league,UNRESOLVED,UNRESOLVED,UNRESOLVED,UNRESOLVED,UNRESOLVED,IDENTITY_MAPPING,IDENTITY,UNRESOLVED,RECOVERED_EXISTING_SEMANTIC,REVIEW_EXISTING_LINEAGE,RESEARCH_ONLY,0,file_count=2; sample=J1
FOOTBALL_LAB,data/analysis/football_lab_parameter_registry_semantic_v01.csv,UNCLASSIFIED,REVIEW,home_slug,UNRESOLVED,UNRESOLVED,UNRESOLVED,UNRESOLVED,UNRESOLVED,IDENTITY_MAPPING,IDENTITY,UNRESOLVED,RECOVERED_EXISTING_SEMANTIC,REVIEW_EXISTING_LINEAGE,RESEARCH_ONLY,0,file_count=3; sample=fuku
FOOTBALL_LAB,data/analysis/football_lab_parameter_registry_semantic_v01.csv,META,IDENTITY,home_team,UNRESOLVED,UNRESOLVED,UNRESOLVED,UNRESOLVED,UNRESOLVED,IDENTITY,REVIEW_EXISTING_FL_POLICY,UNRESOLVED,IDENTITY,REVIEW_EXISTING_LINEAGE,RESEARCH_ONLY,0,file_count=7; sample=水戸
FOOTBALL_LAB,data/analysis/football_lab_parameter_registry_semantic_v01.csv,FL_DERIVED,HOTZONE,hotzone_mean_ordinal,UNRESOLVED,UNRESOLVED,UNRESOLVED,UNRESOLVED,UNRESOLVED,HOTZONE,REVIEW_EXISTING_FL_POLICY,UNRESOLVED,HOTZONE,REVIEW_EXISTING_LINEAGE,RESEARCH_ONLY,0,file_count=1; sample=0.41622574955908287
FOOTBALL_LAB,data/analysis/football_lab_parameter_registry_semantic_v01.csv,FL_DERIVED,HOTZONE,hotzone_ordinal_01,UNRESOLVED,UNRESOLVED,UNRESOLVED,UNRESOLVED,UNRESOLVED,HOTZONE,REVIEW_EXISTING_FL_POLICY,UNRESOLVED,HOTZONE,REVIEW_EXISTING_LINEAGE,RESEARCH_ONLY,0,file_count=2; sample=0.119047619047619
FOOTBALL_LAB,data/analysis/football_lab_parameter_registry_semantic_v01.csv,FL_DERIVED,HOTZONE,hotzone_ordinal_rank,UNRESOLVED,UNRESOLVED,UNRESOLVED,UNRESOLVED,UNRESOLVED,HOTZONE,REVIEW_EXISTING_FL_POLICY,UNRESOLVED,HOTZONE,REVIEW_EXISTING_LINEAGE,RESEARCH_ONLY,0,file_count=2; sample=6
FOOTBALL_LAB,data/analysis/football_lab_parameter_registry_semantic_v01.csv,META,PROVENANCE,http_status,UNRESOLVED,UNRESOLVED,UNRESOLVED,UNRESOLVED,UNRESOLVED,PROVENANCE,REVIEW_EXISTING_FL_POLICY,UNRESOLVED,PROVENANCE,REVIEW_EXISTING_LINEAGE,RESEARCH_ONLY,0,file_count=4; sample=200
FOOTBALL_LAB,data/analysis/football_lab_parameter_registry_semantic_v01.csv,META,PROVENANCE,identity_match_status,UNRESOLVED,UNRESOLVED,UNRESOLVED,UNRESOLVED,UNRESOLVED,PROVENANCE,REVIEW_EXISTING_FL_POLICY,UNRESOLVED,PROVENANCE,REVIEW_EXISTING_LINEAGE,RESEARCH_ONLY,0,file_count=6; sample=UNMATCHED
FOOTBALL_LAB,data/analysis/football_lab_parameter_registry_semantic_v01.csv,META,PROVENANCE,identity_method,UNRESOLVED,UNRESOLVED,UNRESOLVED,UNRESOLVED,UNRESOLVED,PROVENANCE,REVIEW_EXISTING_FL_POLICY,UNRESOLVED,PROVENANCE,REVIEW_EXISTING_LINEAGE,RESEARCH_ONLY,0,file_count=7; sample=nan
FOOTBALL_LAB,data/analysis/football_lab_parameter_registry_semantic_v01.csv,META,PROVENANCE,identity_resolution_status,UNRESOLVED,UNRESOLVED,UNRESOLVED,UNRESOLVED,UNRESOLVED,PROVENANCE,REVIEW_EXISTING_FL_POLICY,UNRESOLVED,PROVENANCE,REVIEW_EXISTING_LINEAGE,RESEARCH_ONLY,0,file_count=4; sample=EXACT_JL_ONLY
FOOTBALL_LAB,data/analysis/football_lab_parameter_registry_semantic_v01.csv,META,PROVENANCE,identity_status,UNRESOLVED,UNRESOLVED,UNRESOLVED,UNRESOLVED,UNRESOLVED,PROVENANCE,REVIEW_EXISTING_FL_POLICY,UNRESOLVED,PROVENANCE,REVIEW_EXISTING_LINEAGE,RESEARCH_ONLY,0,file_count=7; sample=nan
FOOTBALL_LAB,data/analysis/football_lab_parameter_registry_semantic_v01.csv,CROSS_SOURCE,JLEAGUE,jl2026_position,UNRESOLVED,UNRESOLVED,UNRESOLVED,UNRESOLVED,UNRESOLVED,JLEAGUE,REVIEW_EXISTING_FL_POLICY,UNRESOLVED,JLEAGUE,REVIEW_EXISTING_LINEAGE,RESEARCH_ONLY,0,file_count=4; sample=FW
FOOTBALL_LAB,data/analysis/football_lab_parameter_registry_semantic_v01.csv,CROSS_SOURCE,JLEAGUE,jl_exact_candidate_count,UNRESOLVED,UNRESOLVED,UNRESOLVED,UNRESOLVED,UNRESOLVED,JLEAGUE,REVIEW_EXISTING_FL_POLICY,UNRESOLVED,JLEAGUE,REVIEW_EXISTING_LINEAGE,RESEARCH_ONLY,0,file_count=4; sample=1
FOOTBALL_LAB,data/analysis/football_lab_parameter_registry_semantic_v01.csv,CROSS_SOURCE,JLEAGUE,jl_posgrp,UNRESOLVED,UNRESOLVED,UNRESOLVED,UNRESOLVED,UNRESOLVED,JLEAGUE,REVIEW_EXISTING_FL_POLICY,UNRESOLVED,JLEAGUE,REVIEW_EXISTING_LINEAGE,RESEARCH_ONLY,0,file_count=1; sample=FW
FOOTBALL_LAB,data/analysis/football_lab_parameter_registry_semantic_v01.csv,CROSS_SOURCE,JLEAGUE,jl_uniform_no,UNRESOLVED,UNRESOLVED,UNRESOLVED,UNRESOLVED,UNRESOLVED,JLEAGUE,REVIEW_EXISTING_FL_POLICY,UNRESOLVED,JLEAGUE,REVIEW_EXISTING_LINEAGE,RESEARCH_ONLY,0,file_count=4; sample=13
FOOTBALL_LAB,data/analysis/football_lab_parameter_registry_semantic_v01.csv,CROSS_SOURCE,JLEAGUE,jleague_approved_fs_crosswalk,UNRESOLVED,UNRESOLVED,UNRESOLVED,UNRESOLVED,UNRESOLVED,JLEAGUE,REVIEW_EXISTING_FL_POLICY,UNRESOLVED,JLEAGUE,REVIEW_EXISTING_LINEAGE,RESEARCH_ONLY,0,file_count=4; sample=False
FOOTBALL_LAB,data/analysis/football_lab_parameter_registry_semantic_v01.csv,CROSS_SOURCE,JLEAGUE,jleague_canonical_status,UNRESOLVED,UNRESOLVED,UNRESOLVED,UNRESOLVED,UNRESOLVED,JLEAGUE,REVIEW_EXISTING_FL_POLICY,UNRESOLVED,JLEAGUE,REVIEW_EXISTING_LINEAGE,RESEARCH_ONLY,0,file_count=4; sample=JLEAGUE_CANONICAL
FOOTBALL_LAB,data/analysis/football_lab_parameter_registry_semantic_v01.csv,CROSS_SOURCE,JLEAGUE,jleague_club_name,UNRESOLVED,UNRESOLVED,UNRESOLVED,UNRESOLVED,UNRESOLVED,JLEAGUE,REVIEW_EXISTING_FL_POLICY,UNRESOLVED,JLEAGUE,REVIEW_EXISTING_LINEAGE,RESEARCH_ONLY,0,file_count=4; sample=アビスパ福岡
FOOTBALL_LAB,data/analysis/football_lab_parameter_registry_semantic_v01.csv,CROSS_SOURCE,JLEAGUE,jleague_crosswalk_status,UNRESOLVED,UNRESOLVED,UNRESOLVED,UNRESOLVED,UNRESOLVED,JLEAGUE,REVIEW_EXISTING_FL_POLICY,UNRESOLVED,JLEAGUE,REVIEW_EXISTING_LINEAGE,RESEARCH_ONLY,0,file_count=4; sample=nan
FOOTBALL_LAB,data/analysis/football_lab_parameter_registry_semantic_v01.csv,CROSS_SOURCE,JLEAGUE,jleague_fs_identity_status,UNRESOLVED,UNRESOLVED,UNRESOLVED,UNRESOLVED,UNRESOLVED,JLEAGUE,REVIEW_EXISTING_FL_POLICY,UNRESOLVED,JLEAGUE,REVIEW_EXISTING_LINEAGE,RESEARCH_ONLY,0,file_count=4; sample=nan
FOOTBALL_LAB,data/analysis/football_lab_parameter_registry_semantic_v01.csv,CROSS_SOURCE,JLEAGUE,jleague_identity_match_status,UNRESOLVED,UNRESOLVED,UNRESOLVED,UNRESOLVED,UNRESOLVED,JLEAGUE,REVIEW_EXISTING_FL_POLICY,UNRESOLVED,JLEAGUE,REVIEW_EXISTING_LINEAGE,RESEARCH_ONLY,0,file_count=4; sample=JL_EXACT_UNIQUE
FOOTBALL_LAB,data/analysis/football_lab_parameter_registry_semantic_v01.csv,CROSS_SOURCE,JLEAGUE,jleague_match_id,UNRESOLVED,UNRESOLVED,UNRESOLVED,UNRESOLVED,UNRESOLVED,JLEAGUE,REVIEW_EXISTING_FL_POLICY,UNRESOLVED,JLEAGUE,REVIEW_EXISTING_LINEAGE,RESEARCH_ONLY,0,file_count=4; sample=46189
FOOTBALL_LAB,data/analysis/football_lab_parameter_registry_semantic_v01.csv,CROSS_SOURCE,JLEAGUE,jleague_player_id,UNRESOLVED,UNRESOLVED,UNRESOLVED,UNRESOLVED,UNRESOLVED,JLEAGUE,REVIEW_EXISTING_FL_POLICY,UNRESOLVED,JLEAGUE,REVIEW_EXISTING_LINEAGE,RESEARCH_ONLY,0,file_count=8; sample=1654120
FOOTBALL_LAB,data/analysis/football_lab_parameter_registry_semantic_v01.csv,CROSS_SOURCE,JLEAGUE,jleague_player_name,UNRESOLVED,UNRESOLVED,UNRESOLVED,UNRESOLVED,UNRESOLVED,JLEAGUE,REVIEW_EXISTING_FL_POLICY,UNRESOLVED,JLEAGUE,REVIEW_EXISTING_LINEAGE,RESEARCH_ONLY,0,file_count=8; sample=福島 和毅
FOOTBALL_LAB,data/analysis/football_lab_parameter_registry_semantic_v01.csv,CROSS_SOURCE,JLEAGUE,jleague_position,UNRESOLVED,UNRESOLVED,UNRESOLVED,UNRESOLVED,UNRESOLVED,JLEAGUE,REVIEW_EXISTING_FL_POLICY,UNRESOLVED,JLEAGUE,REVIEW_EXISTING_LINEAGE,RESEARCH_ONLY,0,file_count=4; sample=MF
FOOTBALL_LAB,data/analysis/football_lab_parameter_registry_semantic_v01.csv,UNCLASSIFIED,REVIEW,label,UNRESOLVED,UNRESOLVED,UNRESOLVED,UNRESOLVED,UNRESOLVED,META_PROVENANCE,PROVENANCE_META,UNRESOLVED,RECOVERED_EXISTING_SEMANTIC,REVIEW_EXISTING_LINEAGE,RESEARCH_ONLY,0,file_count=1; sample=攻撃
FOOTBALL_LAB,data/analysis/football_lab_parameter_registry_semantic_v01.csv,FL_RAW,TEAM_CONTEXT,league,UNRESOLVED,UNRESOLVED,UNRESOLVED,UNRESOLVED,UNRESOLVED,TEAM_CONTEXT,REVIEW_EXISTING_FL_POLICY,UNRESOLVED,TEAM_CONTEXT,REVIEW_EXISTING_LINEAGE,RESEARCH_ONLY,0,file_count=3; sample=J1
FOOTBALL_LAB,data/analysis/football_lab_parameter_registry_semantic_v01.csv,FL_RAW,TEAM_CONTEXT,league_points,UNRESOLVED,UNRESOLVED,UNRESOLVED,UNRESOLVED,UNRESOLVED,TEAM_CONTEXT,REVIEW_EXISTING_FL_POLICY,UNRESOLVED,TEAM_CONTEXT,REVIEW_EXISTING_LINEAGE,RESEARCH_ONLY,0,file_count=1; sample=16
FOOTBALL_LAB,data/analysis/football_lab_parameter_registry_semantic_v01.csv,FL_RAW,TEAM_CONTEXT,league_rank,UNRESOLVED,UNRESOLVED,UNRESOLVED,UNRESOLVED,UNRESOLVED,TEAM_CONTEXT,REVIEW_EXISTING_FL_POLICY,UNRESOLVED,TEAM_CONTEXT,REVIEW_EXISTING_LINEAGE,RESEARCH_ONLY,0,file_count=1; sample=1
FOOTBALL_LAB,data/analysis/football_lab_parameter_registry_semantic_v01.csv,FL_DERIVED,HOTZONE,longitudinal_band,UNRESOLVED,UNRESOLVED,UNRESOLVED,UNRESOLVED,UNRESOLVED,HOTZONE,REVIEW_EXISTING_FL_POLICY,UNRESOLVED,HOTZONE,REVIEW_EXISTING_LINEAGE,RESEARCH_ONLY,0,file_count=1; sample=OWN_THIRD
FOOTBALL_LAB,data/analysis/football_lab_parameter_registry_semantic_v01.csv,META,IDENTITY,match_no,UNRESOLVED,UNRESOLVED,UNRESOLVED,UNRESOLVED,UNRESOLVED,IDENTITY,REVIEW_EXISTING_FL_POLICY,UNRESOLVED,IDENTITY,REVIEW_EXISTING_LINEAGE,RESEARCH_ONLY,0,file_count=29; sample=1
FOOTBALL_LAB,data/analysis/football_lab_parameter_registry_semantic_v01.csv,UNCLASSIFIED,REVIEW,match_score,UNRESOLVED,UNRESOLVED,UNRESOLVED,UNRESOLVED,UNRESOLVED,IDENTITY_MAPPING_QUALITY,IDENTITY,UNRESOLVED,CONFIRMED_PIPELINE_META,REVIEW_EXISTING_LINEAGE,USED_DATA_QUALITY,0,Team-to-Football-LAB slug matching score; identity resolution quality only; not a football-performance metric.
FOOTBALL_LAB,data/analysis/football_lab_parameter_registry_semantic_v01.csv,FL_DERIVED,HOTZONE,middle_third_mean,UNRESOLVED,UNRESOLVED,UNRESOLVED,UNRESOLVED,UNRESOLVED,HOTZONE,REVIEW_EXISTING_FL_POLICY,UNRESOLVED,HOTZONE,REVIEW_EXISTING_LINEAGE,RESEARCH_ONLY,0,file_count=1; sample=0.574074074074074
FOOTBALL_LAB,data/analysis/football_lab_parameter_registry_semantic_v01.csv,FL_DERIVED,SEMANTIC,offense_away_z,UNRESOLVED,UNRESOLVED,UNRESOLVED,UNRESOLVED,UNRESOLVED,SEMANTIC,REVIEW_EXISTING_FL_POLICY,UNRESOLVED,SEMANTIC,REVIEW_EXISTING_LINEAGE,RESEARCH_ONLY,0,file_count=2; sample=1.0542233624388129
FOOTBALL_LAB,data/analysis/football_lab_parameter_registry_semantic_v01.csv,FL_RAW,CBP,offense_cbp_per_match,UNRESOLVED,UNRESOLVED,UNRESOLVED,UNRESOLVED,UNRESOLVED,CBP,REVIEW_EXISTING_FL_POLICY,UNRESOLVED,CBP,REVIEW_EXISTING_LINEAGE,RESEARCH_ONLY,0,file_count=1; sample=15.31
FOOTBALL_LAB,data/analysis/football_lab_parameter_registry_semantic_v01.csv,FL_RAW,CBP,offense_cbp_rank,UNRESOLVED,UNRESOLVED,UNRESOLVED,UNRESOLVED,UNRESOLVED,CBP,REVIEW_EXISTING_FL_POLICY,UNRESOLVED,CBP,REVIEW_EXISTING_LINEAGE,RESEARCH_ONLY,0,file_count=1; sample=8
FOOTBALL_LAB,data/analysis/football_lab_parameter_registry_semantic_v01.csv,FL_RAW,CBP,offense_cbp_recent5,UNRESOLVED,UNRESOLVED,UNRESOLVED,UNRESOLVED,UNRESOLVED,CBP,REVIEW_EXISTING_FL_POLICY,UNRESOLVED,CBP,REVIEW_EXISTING_LINEAGE,RESEARCH_ONLY,0,file_count=1; sample=73.65
FOOTBALL_LAB,data/analysis/football_lab_parameter_registry_semantic_v01.csv,FL_RAW,CBP,offense_cbp_total,UNRESOLVED,UNRESOLVED,UNRESOLVED,UNRESOLVED,UNRESOLVED,CBP,REVIEW_EXISTING_FL_POLICY,UNRESOLVED,CBP,REVIEW_EXISTING_LINEAGE,RESEARCH_ONLY,0,file_count=1; sample=91.84
FOOTBALL_LAB,data/analysis/football_lab_parameter_registry_semantic_v01.csv,FL_DERIVED,SEMANTIC,offense_home_z,UNRESOLVED,UNRESOLVED,UNRESOLVED,UNRESOLVED,UNRESOLVED,SEMANTIC,REVIEW_EXISTING_FL_POLICY,UNRESOLVED,SEMANTIC,REVIEW_EXISTING_LINEAGE,RESEARCH_ONLY,0,file_count=2; sample=-1.029362396002861
FOOTBALL_LAB,data/analysis/football_lab_parameter_registry_semantic_v01.csv,FL_DERIVED,SEMANTIC,offense_z_diff_home,UNRESOLVED,UNRESOLVED,UNRESOLVED,UNRESOLVED,UNRESOLVED,SEMANTIC,REVIEW_EXISTING_FL_POLICY,UNRESOLVED,SEMANTIC,REVIEW_EXISTING_LINEAGE,RESEARCH_ONLY,0,file_count=2; sample=-2.083585758441674
FOOTBALL_LAB,data/analysis/football_lab_parameter_registry_semantic_v01.csv,UNCLASSIFIED,REVIEW,official_current_override,UNRESOLVED,UNRESOLVED,UNRESOLVED,UNRESOLVED,UNRESOLVED,DATA_QUALITY_CONTROL,DATA_QUALITY,UNRESOLVED,RECOVERED_EXISTING_SEMANTIC,REVIEW_EXISTING_LINEAGE,RESEARCH_ONLY,0,file_count=2; sample=0
FOOTBALL_LAB,data/analysis/football_lab_parameter_registry_semantic_v01.csv,META,PROVENANCE,official_current_override_source,UNRESOLVED,UNRESOLVED,UNRESOLVED,UNRESOLVED,UNRESOLVED,PROVENANCE,REVIEW_EXISTING_FL_POLICY,UNRESOLVED,PROVENANCE,REVIEW_EXISTING_LINEAGE,RESEARCH_ONLY,0,file_count=2; sample=nan
FOOTBALL_LAB,data/analysis/football_lab_parameter_registry_semantic_v01.csv,META,IDENTITY,opponent,UNRESOLVED,UNRESOLVED,UNRESOLVED,UNRESOLVED,UNRESOLVED,IDENTITY,REVIEW_EXISTING_FL_POLICY,UNRESOLVED,IDENTITY,REVIEW_EXISTING_LINEAGE,RESEARCH_ONLY,0,file_count=8; sample=広島
FOOTBALL_LAB,data/analysis/football_lab_parameter_registry_semantic_v01.csv,FL_DERIVED,HOTZONE,own_third_mean,UNRESOLVED,UNRESOLVED,UNRESOLVED,UNRESOLVED,UNRESOLVED,HOTZONE,REVIEW_EXISTING_FL_POLICY,UNRESOLVED,HOTZONE,REVIEW_EXISTING_LINEAGE,RESEARCH_ONLY,0,file_count=1; sample=0.32539682539682535
FOOTBALL_LAB,data/analysis/football_lab_parameter_registry_semantic_v01.csv,META,IDENTITY,page_update,UNRESOLVED,UNRESOLVED,UNRESOLVED,UNRESOLVED,UNRESOLVED,IDENTITY,REVIEW_EXISTING_FL_POLICY,UNRESOLVED,IDENTITY,REVIEW_EXISTING_LINEAGE,RESEARCH_ONLY,0,file_count=3; sample=2026.9.14
FOOTBALL_LAB,data/analysis/football_lab_parameter_registry_semantic_v01.csv,FL_DERIVED,SEMANTIC,pass_away_z,UNRESOLVED,UNRESOLVED,UNRESOLVED,UNRESOLVED,UNRESOLVED,SEMANTIC,REVIEW_EXISTING_FL_POLICY,UNRESOLVED,SEMANTIC,REVIEW_EXISTING_LINEAGE,RESEARCH_ONLY,0,file_count=2; sample=0.9433199190887525
FOOTBALL_LAB,data/analysis/football_lab_parameter_registry_semantic_v01.csv,FL_RAW,CBP,pass_cbp_per_match,UNRESOLVED,UNRESOLVED,UNRESOLVED,UNRESOLVED,UNRESOLVED,CBP,REVIEW_EXISTING_FL_POLICY,UNRESOLVED,CBP,REVIEW_EXISTING_LINEAGE,RESEARCH_ONLY,0,file_count=1; sample=11.62
FOOTBALL_LAB,data/analysis/football_lab_parameter_registry_semantic_v01.csv,FL_RAW,CBP,pass_cbp_rank,UNRESOLVED,UNRESOLVED,UNRESOLVED,UNRESOLVED,UNRESOLVED,CBP,REVIEW_EXISTING_FL_POLICY,UNRESOLVED,CBP,REVIEW_EXISTING_LINEAGE,RESEARCH_ONLY,0,file_count=1; sample=9
FOOTBALL_LAB,data/analysis/football_lab_parameter_registry_semantic_v01.csv,FL_RAW,CBP,pass_cbp_recent5,UNRESOLVED,UNRESOLVED,UNRESOLVED,UNRESOLVED,UNRESOLVED,CBP,REVIEW_EXISTING_FL_POLICY,UNRESOLVED,CBP,REVIEW_EXISTING_LINEAGE,RESEARCH_ONLY,0,file_count=1; sample=55.39
FOOTBALL_LAB,data/analysis/football_lab_parameter_registry_semantic_v01.csv,FL_RAW,CBP,pass_cbp_total,UNRESOLVED,UNRESOLVED,UNRESOLVED,UNRESOLVED,UNRESOLVED,CBP,REVIEW_EXISTING_FL_POLICY,UNRESOLVED,CBP,REVIEW_EXISTING_LINEAGE,RESEARCH_ONLY,0,file_count=1; sample=69.7
FOOTBALL_LAB,data/analysis/football_lab_parameter_registry_semantic_v01.csv,FL_DERIVED,SEMANTIC,pass_home_z,UNRESOLVED,UNRESOLVED,UNRESOLVED,UNRESOLVED,UNRESOLVED,SEMANTIC,REVIEW_EXISTING_FL_POLICY,UNRESOLVED,SEMANTIC,REVIEW_EXISTING_LINEAGE,RESEARCH_ONLY,0,file_count=2; sample=-1.0079100264721375
FOOTBALL_LAB,data/analysis/football_lab_parameter_registry_semantic_v01.csv,FL_DERIVED,SEMANTIC,pass_z_diff_home,UNRESOLVED,UNRESOLVED,UNRESOLVED,UNRESOLVED,UNRESOLVED,SEMANTIC,REVIEW_EXISTING_FL_POLICY,UNRESOLVED,SEMANTIC,REVIEW_EXISTING_LINEAGE,RESEARCH_ONLY,0,file_count=2; sample=-1.95122994556089
FOOTBALL_LAB,data/analysis/football_lab_parameter_registry_semantic_v01.csv,FL_DERIVED,PLAYER_XI_CONTEXT,player_name,UNRESOLVED,UNRESOLVED,UNRESOLVED,UNRESOLVED,UNRESOLVED,PLAYER_XI_CONTEXT,REVIEW_EXISTING_FL_POLICY,UNRESOLVED,PLAYER_XI_CONTEXT,REVIEW_EXISTING_LINEAGE,RESEARCH_ONLY,0,file_count=1; sample=大迫敬介
FOOTBALL_LAB,data/analysis/football_lab_parameter_registry_semantic_v01.csv,FL_DERIVED,PLAYER_XI_CONTEXT,player_name_key,UNRESOLVED,UNRESOLVED,UNRESOLVED,UNRESOLVED,UNRESOLVED,PLAYER_XI_CONTEXT,REVIEW_EXISTING_FL_POLICY,UNRESOLVED,PLAYER_XI_CONTEXT,REVIEW_EXISTING_LINEAGE,RESEARCH_ONLY,0,file_count=6; sample=福島和毅
FOOTBALL_LAB,data/analysis/football_lab_parameter_registry_semantic_v01.csv,FL_DERIVED,PLAYER_XI_CONTEXT,player_name_raw,UNRESOLVED,UNRESOLVED,UNRESOLVED,UNRESOLVED,UNRESOLVED,PLAYER_XI_CONTEXT,REVIEW_EXISTING_FL_POLICY,UNRESOLVED,PLAYER_XI_CONTEXT,REVIEW_EXISTING_LINEAGE,RESEARCH_ONLY,0,file_count=7; sample=福島　和毅
FOOTBALL_LAB,data/analysis/football_lab_parameter_registry_semantic_v01.csv,FL_DERIVED,PLAYER_XI_CONTEXT,player_short_name,UNRESOLVED,UNRESOLVED,UNRESOLVED,UNRESOLVED,UNRESOLVED,PLAYER_XI_CONTEXT,REVIEW_EXISTING_FL_POLICY,UNRESOLVED,PLAYER_XI_CONTEXT,REVIEW_EXISTING_LINEAGE,RESEARCH_ONLY,0,file_count=6; sample=師岡
FOOTBALL_LAB,data/analysis/football_lab_parameter_registry_semantic_v01.csv,FL_DERIVED,PLAYER_XI_CONTEXT,player_strength_shadow,UNRESOLVED,UNRESOLVED,UNRESOLVED,UNRESOLVED,UNRESOLVED,PLAYER_XI_CONTEXT,REVIEW_EXISTING_FL_POLICY,UNRESOLVED,PLAYER_XI_CONTEXT,REVIEW_EXISTING_LINEAGE,RESEARCH_ONLY,0,file_count=3; sample=52.07805798480096
FOOTBALL_LAB,data/analysis/football_lab_parameter_registry_semantic_v01.csv,FL_DERIVED,PLAYER_XI_CONTEXT,position_mismatch,UNRESOLVED,UNRESOLVED,UNRESOLVED,UNRESOLVED,UNRESOLVED,PLAYER_XI_CONTEXT,REVIEW_EXISTING_FL_POLICY,UNRESOLVED,PLAYER_XI_CONTEXT,REVIEW_EXISTING_LINEAGE,RESEARCH_ONLY,0,file_count=1; sample=False
FOOTBALL_LAB,data/analysis/football_lab_parameter_registry_semantic_v01.csv,FL_DERIVED,PLAYER_XI_CONTEXT,positional_matchup_available,UNRESOLVED,UNRESOLVED,UNRESOLVED,UNRESOLVED,UNRESOLVED,PLAYER_XI_CONTEXT,REVIEW_EXISTING_FL_POLICY,UNRESOLVED,PLAYER_XI_CONTEXT,REVIEW_EXISTING_LINEAGE,RESEARCH_ONLY,0,file_count=1; sample=False
FOOTBALL_LAB,data/analysis/football_lab_parameter_registry_semantic_v01.csv,FL_DERIVED,PLAYER_XI_CONTEXT,positional_matchup_status,UNRESOLVED,UNRESOLVED,UNRESOLVED,UNRESOLVED,UNRESOLVED,PLAYER_XI_CONTEXT,REVIEW_EXISTING_FL_POLICY,UNRESOLVED,PLAYER_XI_CONTEXT,REVIEW_EXISTING_LINEAGE,RESEARCH_ONLY,0,file_count=1; sample=UNAVAILABLE_NO_FORMATION_OR_DIRECTION
FOOTBALL_LAB,data/analysis/football_lab_parameter_registry_semantic_v01.csv,FL_DERIVED,SEMANTIC,pressure_last_line_z_diff_home,UNRESOLVED,UNRESOLVED,UNRESOLVED,UNRESOLVED,UNRESOLVED,SEMANTIC,REVIEW_EXISTING_FL_POLICY,UNRESOLVED,SEMANTIC,REVIEW_EXISTING_LINEAGE,RESEARCH_ONLY,0,file_count=2; sample=1.2957360330773064
FOOTBALL_LAB,data/analysis/football_lab_parameter_registry_semantic_v01.csv,META,PROVENANCE,preview_url,UNRESOLVED,UNRESOLVED,UNRESOLVED,UNRESOLVED,UNRESOLVED,PROVENANCE,REVIEW_EXISTING_FL_POLICY,UNRESOLVED,PROVENANCE,REVIEW_EXISTING_LINEAGE,RESEARCH_ONLY,0,file_count=3; sample=https://www.football-lab.jp/fuku/preview
FOOTBALL_LAB,data/analysis/football_lab_parameter_registry_semantic_v01.csv,FL_DERIVED,SEMANTIC,process_away_axes,UNRESOLVED,UNRESOLVED,UNRESOLVED,UNRESOLVED,UNRESOLVED,SEMANTIC,REVIEW_EXISTING_FL_POLICY,UNRESOLVED,SEMANTIC,REVIEW_EXISTING_LINEAGE,RESEARCH_ONLY,0,file_count=2; sample=4
FOOTBALL_LAB,data/analysis/football_lab_parameter_registry_semantic_v01.csv,FL_DERIVED,SEMANTIC,process_home_axes,UNRESOLVED,UNRESOLVED,UNRESOLVED,UNRESOLVED,UNRESOLVED,SEMANTIC,REVIEW_EXISTING_FL_POLICY,UNRESOLVED,SEMANTIC,REVIEW_EXISTING_LINEAGE,RESEARCH_ONLY,0,file_count=2; sample=0
FOOTBALL_LAB,data/analysis/football_lab_parameter_registry_semantic_v01.csv,FL_DERIVED,SEMANTIC,process_internal_split,UNRESOLVED,UNRESOLVED,UNRESOLVED,UNRESOLVED,UNRESOLVED,SEMANTIC,REVIEW_EXISTING_FL_POLICY,UNRESOLVED,SEMANTIC,REVIEW_EXISTING_LINEAGE,RESEARCH_ONLY,0,file_count=2; sample=0
FOOTBALL_LAB,data/analysis/football_lab_parameter_registry_semantic_v01.csv,FL_DERIVED,SEMANTIC,process_mean_z_diff_home,UNRESOLVED,UNRESOLVED,UNRESOLVED,UNRESOLVED,UNRESOLVED,SEMANTIC,REVIEW_EXISTING_FL_POLICY,UNRESOLVED,SEMANTIC,REVIEW_EXISTING_LINEAGE,RESEARCH_ONLY,0,file_count=2; sample=-1.2254687003121179
FOOTBALL_LAB,data/analysis/football_lab_parameter_registry_semantic_v01.csv,FL_DERIVED,PLAYER_XI_CONTEXT,production_player_coefficient,UNRESOLVED,UNRESOLVED,UNRESOLVED,UNRESOLVED,UNRESOLVED,PLAYER_XI_CONTEXT,REVIEW_EXISTING_FL_POLICY,UNRESOLVED,PLAYER_XI_CONTEXT,REVIEW_EXISTING_LINEAGE,RESEARCH_ONLY,0,file_count=9; sample=0.0
FOOTBALL_LAB,data/analysis/football_lab_parameter_registry_semantic_v01.csv,UNCLASSIFIED,REVIEW,production_tactical_coefficient,UNRESOLVED,UNRESOLVED,UNRESOLVED,UNRESOLVED,UNRESOLVED,GOVERNANCE_CONTROL,GOVERNANCE,UNRESOLVED,RECOVERED_EXISTING_SEMANTIC,REVIEW_EXISTING_LINEAGE,RESEARCH_ONLY,0,file_count=1; sample=0.0
FOOTBALL_LAB,data/analysis/football_lab_parameter_registry_semantic_v01.csv,META,PROVENANCE,raw_path,UNRESOLVED,UNRESOLVED,UNRESOLVED,UNRESOLVED,UNRESOLVED,PROVENANCE,REVIEW_EXISTING_FL_POLICY,UNRESOLVED,PROVENANCE,REVIEW_EXISTING_LINEAGE,RESEARCH_ONLY,0,file_count=3; sample=data/raw/football_lab/toto1654_previews_20260918_004807_v01/1654_01_fuku_preview.html
FOOTBALL_LAB,data/analysis/football_lab_parameter_registry_semantic_v01.csv,FL_DERIVED,SEMANTIC,recovery_internal_split,UNRESOLVED,UNRESOLVED,UNRESOLVED,UNRESOLVED,UNRESOLVED,SEMANTIC,REVIEW_EXISTING_FL_POLICY,UNRESOLVED,SEMANTIC,REVIEW_EXISTING_LINEAGE,RESEARCH_ONLY,0,file_count=2; sample=0
FOOTBALL_LAB,data/analysis/football_lab_parameter_registry_semantic_v01.csv,FL_DERIVED,SEMANTIC,recovery_z_diff_home,UNRESOLVED,UNRESOLVED,UNRESOLVED,UNRESOLVED,UNRESOLVED,SEMANTIC,REVIEW_EXISTING_FL_POLICY,UNRESOLVED,SEMANTIC,REVIEW_EXISTING_LINEAGE,RESEARCH_ONLY,0,file_count=2; sample=-0.05283836700612854
FOOTBALL_LAB,data/analysis/football_lab_parameter_registry_semantic_v01.csv,FL_DERIVED,AVAILABILITY_CONTEXT,reported_absence_rows,UNRESOLVED,UNRESOLVED,UNRESOLVED,UNRESOLVED,UNRESOLVED,AVAILABILITY_CONTEXT,REVIEW_EXISTING_FL_POLICY,UNRESOLVED,AVAILABILITY_CONTEXT,REVIEW_EXISTING_LINEAGE,RESEARCH_ONLY,0,file_count=2; sample=2
FOOTBALL_LAB,data/analysis/football_lab_parameter_registry_semantic_v01.csv,FL_RAW,HOTZONE_RAW,rgba,UNRESOLVED,UNRESOLVED,UNRESOLVED,UNRESOLVED,UNRESOLVED,HOTZONE_RAW,REVIEW_EXISTING_FL_POLICY,UNRESOLVED,HOTZONE_RAW,REVIEW_EXISTING_LINEAGE,RESEARCH_ONLY,0,file_count=1; sample=nan
FOOTBALL_LAB,data/analysis/football_lab_parameter_registry_semantic_v01.csv,FL_RAW,HOTZONE_RAW,rgba_a,UNRESOLVED,UNRESOLVED,UNRESOLVED,UNRESOLVED,UNRESOLVED,HOTZONE_RAW,REVIEW_EXISTING_FL_POLICY,UNRESOLVED,HOTZONE_RAW,REVIEW_EXISTING_LINEAGE,RESEARCH_ONLY,0,file_count=3; sample=0.64
FOOTBALL_LAB,data/analysis/football_lab_parameter_registry_semantic_v01.csv,FL_RAW,HOTZONE_RAW,rgba_b,UNRESOLVED,UNRESOLVED,UNRESOLVED,UNRESOLVED,UNRESOLVED,HOTZONE_RAW,REVIEW_EXISTING_FL_POLICY,UNRESOLVED,HOTZONE_RAW,REVIEW_EXISTING_LINEAGE,RESEARCH_ONLY,0,file_count=3; sample=234.0
FOOTBALL_LAB,data/analysis/football_lab_parameter_registry_semantic_v01.csv,FL_RAW,HOTZONE_RAW,rgba_g,UNRESOLVED,UNRESOLVED,UNRESOLVED,UNRESOLVED,UNRESOLVED,HOTZONE_RAW,REVIEW_EXISTING_FL_POLICY,UNRESOLVED,HOTZONE_RAW,REVIEW_EXISTING_LINEAGE,RESEARCH_ONLY,0,file_count=3; sample=246.0
FOOTBALL_LAB,data/analysis/football_lab_parameter_registry_semantic_v01.csv,FL_RAW,HOTZONE_RAW,rgba_r,UNRESOLVED,UNRESOLVED,UNRESOLVED,UNRESOLVED,UNRESOLVED,HOTZONE_RAW,REVIEW_EXISTING_FL_POLICY,UNRESOLVED,HOTZONE_RAW,REVIEW_EXISTING_LINEAGE,RESEARCH_ONLY,0,file_count=3; sample=224.0
FOOTBALL_LAB,data/analysis/football_lab_parameter_registry_semantic_v01.csv,FL_RAW,HOTZONE_RAW,rgba_raw,UNRESOLVED,UNRESOLVED,UNRESOLVED,UNRESOLVED,UNRESOLVED,HOTZONE_RAW,REVIEW_EXISTING_FL_POLICY,UNRESOLVED,HOTZONE_RAW,REVIEW_EXISTING_LINEAGE,RESEARCH_ONLY,0,"file_count=3; sample=rgba(224,246,234,0.64)"
FOOTBALL_LAB,data/analysis/football_lab_parameter_registry_semantic_v01.csv,META,IDENTITY,round_no,UNRESOLVED,UNRESOLVED,UNRESOLVED,UNRESOLVED,UNRESOLVED,IDENTITY,REVIEW_EXISTING_FL_POLICY,UNRESOLVED,IDENTITY,REVIEW_EXISTING_LINEAGE,RESEARCH_ONLY,0,file_count=11; sample=1654
FOOTBALL_LAB,data/analysis/football_lab_parameter_registry_semantic_v01.csv,UNCLASSIFIED,REVIEW,row_no,UNRESOLVED,UNRESOLVED,UNRESOLVED,UNRESOLVED,UNRESOLVED,META_PROVENANCE,PROVENANCE_META,UNRESOLVED,RECOVERED_EXISTING_SEMANTIC,REVIEW_EXISTING_LINEAGE,RESEARCH_ONLY,0,file_count=1; sample=0
FOOTBALL_LAB,data/analysis/football_lab_parameter_registry_semantic_v01.csv,FL_DERIVED,SEMANTIC,save_away_z,UNRESOLVED,UNRESOLVED,UNRESOLVED,UNRESOLVED,UNRESOLVED,SEMANTIC,REVIEW_EXISTING_FL_POLICY,UNRESOLVED,SEMANTIC,REVIEW_EXISTING_LINEAGE,RESEARCH_ONLY,0,file_count=2; sample=0.8701738398107428
FOOTBALL_LAB,data/analysis/football_lab_parameter_registry_semantic_v01.csv,FL_RAW,CBP,save_cbp_per_match,UNRESOLVED,UNRESOLVED,UNRESOLVED,UNRESOLVED,UNRESOLVED,CBP,REVIEW_EXISTING_FL_POLICY,UNRESOLVED,CBP,REVIEW_EXISTING_LINEAGE,RESEARCH_ONLY,0,file_count=1; sample=0.26
FOOTBALL_LAB,data/analysis/football_lab_parameter_registry_semantic_v01.csv,FL_RAW,CBP,save_cbp_rank,UNRESOLVED,UNRESOLVED,UNRESOLVED,UNRESOLVED,UNRESOLVED,CBP,REVIEW_EXISTING_FL_POLICY,UNRESOLVED,CBP,REVIEW_EXISTING_LINEAGE,RESEARCH_ONLY,0,file_count=1; sample=13
FOOTBALL_LAB,data/analysis/football_lab_parameter_registry_semantic_v01.csv,FL_RAW,CBP,save_cbp_recent5,UNRESOLVED,UNRESOLVED,UNRESOLVED,UNRESOLVED,UNRESOLVED,CBP,REVIEW_EXISTING_FL_POLICY,UNRESOLVED,CBP,REVIEW_EXISTING_LINEAGE,RESEARCH_ONLY,0,file_count=1; sample=1.12
FOOTBALL_LAB,data/analysis/football_lab_parameter_registry_semantic_v01.csv,FL_RAW,CBP,save_cbp_total,UNRESOLVED,UNRESOLVED,UNRESOLVED,UNRESOLVED,UNRESOLVED,CBP,REVIEW_EXISTING_FL_POLICY,UNRESOLVED,CBP,REVIEW_EXISTING_LINEAGE,RESEARCH_ONLY,0,file_count=1; sample=1.54
FOOTBALL_LAB,data/analysis/football_lab_parameter_registry_semantic_v01.csv,FL_DERIVED,SEMANTIC,save_home_z,UNRESOLVED,UNRESOLVED,UNRESOLVED,UNRESOLVED,UNRESOLVED,SEMANTIC,REVIEW_EXISTING_FL_POLICY,UNRESOLVED,SEMANTIC,REVIEW_EXISTING_LINEAGE,RESEARCH_ONLY,0,file_count=2; sample=0.7231022049131529
FOOTBALL_LAB,data/analysis/football_lab_parameter_registry_semantic_v01.csv,FL_DERIVED,SEMANTIC,save_z_diff_home,UNRESOLVED,UNRESOLVED,UNRESOLVED,UNRESOLVED,UNRESOLVED,SEMANTIC,REVIEW_EXISTING_FL_POLICY,UNRESOLVED,SEMANTIC,REVIEW_EXISTING_LINEAGE,RESEARCH_ONLY,0,file_count=2; sample=-0.1470716348975899
FOOTBALL_LAB,data/analysis/football_lab_parameter_registry_semantic_v01.csv,META,PROVENANCE,saved_path,UNRESOLVED,UNRESOLVED,UNRESOLVED,UNRESOLVED,UNRESOLVED,PROVENANCE,REVIEW_EXISTING_FL_POLICY,UNRESOLVED,PROVENANCE,REVIEW_EXISTING_LINEAGE,RESEARCH_ONLY,0,file_count=1; sample=data/raw/football_lab/cbp/2026/j1/offense.html
FOOTBALL_LAB,data/analysis/football_lab_parameter_registry_semantic_v01.csv,UNCLASSIFIED,REVIEW,section,UNRESOLVED,UNRESOLVED,UNRESOLVED,UNRESOLVED,UNRESOLVED,META_PROVENANCE,PROVENANCE_META,UNRESOLVED,RECOVERED_EXISTING_SEMANTIC,REVIEW_EXISTING_LINEAGE,RESEARCH_ONLY,0,file_count=1; sample=今シーズンの成績
FOOTBALL_LAB,data/analysis/football_lab_parameter_registry_semantic_v01.csv,UNCLASSIFIED,REVIEW,semantic_available,UNRESOLVED,UNRESOLVED,UNRESOLVED,UNRESOLVED,UNRESOLVED,DATA_QUALITY_CONTROL,DATA_QUALITY,UNRESOLVED,RECOVERED_EXISTING_SEMANTIC,REVIEW_EXISTING_LINEAGE,RESEARCH_ONLY,0,file_count=1; sample=True
FOOTBALL_LAB,data/analysis/football_lab_parameter_registry_semantic_v01.csv,META,PROVENANCE,sha256,UNRESOLVED,UNRESOLVED,UNRESOLVED,UNRESOLVED,UNRESOLVED,PROVENANCE,REVIEW_EXISTING_FL_POLICY,UNRESOLVED,PROVENANCE,REVIEW_EXISTING_LINEAGE,RESEARCH_ONLY,0,file_count=1; sample=0f4e735b7408d033af6f121e4a526e9dfb5ba37b7faccf360b5829d8a21b3c41
FOOTBALL_LAB,data/analysis/football_lab_parameter_registry_semantic_v01.csv,FL_DERIVED,PLAYER_XI_CONTEXT,shirt_no,UNRESOLVED,UNRESOLVED,UNRESOLVED,UNRESOLVED,UNRESOLVED,PLAYER_XI_CONTEXT,REVIEW_EXISTING_FL_POLICY,UNRESOLVED,PLAYER_XI_CONTEXT,REVIEW_EXISTING_LINEAGE,RESEARCH_ONLY,0,file_count=6; sample=13
FOOTBALL_LAB,data/analysis/football_lab_parameter_registry_semantic_v01.csv,FL_DERIVED,SEMANTIC,shot_away_z,UNRESOLVED,UNRESOLVED,UNRESOLVED,UNRESOLVED,UNRESOLVED,SEMANTIC,REVIEW_EXISTING_FL_POLICY,UNRESOLVED,SEMANTIC,REVIEW_EXISTING_LINEAGE,RESEARCH_ONLY,0,file_count=2; sample=0.9440744662826196
FOOTBALL_LAB,data/analysis/football_lab_parameter_registry_semantic_v01.csv,FL_RAW,CBP,shot_cbp_per_match,UNRESOLVED,UNRESOLVED,UNRESOLVED,UNRESOLVED,UNRESOLVED,CBP,REVIEW_EXISTING_FL_POLICY,UNRESOLVED,CBP,REVIEW_EXISTING_LINEAGE,RESEARCH_ONLY,0,file_count=1; sample=7.66
FOOTBALL_LAB,data/analysis/football_lab_parameter_registry_semantic_v01.csv,FL_RAW,CBP,shot_cbp_rank,UNRESOLVED,UNRESOLVED,UNRESOLVED,UNRESOLVED,UNRESOLVED,CBP,REVIEW_EXISTING_FL_POLICY,UNRESOLVED,CBP,REVIEW_EXISTING_LINEAGE,RESEARCH_ONLY,0,file_count=1; sample=10
FOOTBALL_LAB,data/analysis/football_lab_parameter_registry_semantic_v01.csv,FL_RAW,CBP,shot_cbp_recent5,UNRESOLVED,UNRESOLVED,UNRESOLVED,UNRESOLVED,UNRESOLVED,CBP,REVIEW_EXISTING_FL_POLICY,UNRESOLVED,CBP,REVIEW_EXISTING_LINEAGE,RESEARCH_ONLY,0,file_count=1; sample=36.58
FOOTBALL_LAB,data/analysis/football_lab_parameter_registry_semantic_v01.csv,FL_RAW,CBP,shot_cbp_total,UNRESOLVED,UNRESOLVED,UNRESOLVED,UNRESOLVED,UNRESOLVED,CBP,REVIEW_EXISTING_FL_POLICY,UNRESOLVED,CBP,REVIEW_EXISTING_LINEAGE,RESEARCH_ONLY,0,file_count=1; sample=45.94
FOOTBALL_LAB,data/analysis/football_lab_parameter_registry_semantic_v01.csv,FL_DERIVED,SEMANTIC,shot_home_z,UNRESOLVED,UNRESOLVED,UNRESOLVED,UNRESOLVED,UNRESOLVED,SEMANTIC,REVIEW_EXISTING_FL_POLICY,UNRESOLVED,SEMANTIC,REVIEW_EXISTING_LINEAGE,RESEARCH_ONLY,0,file_count=2; sample=-0.5416470260840284
FOOTBALL_LAB,data/analysis/football_lab_parameter_registry_semantic_v01.csv,FL_DERIVED,SEMANTIC,shot_z_diff_home,UNRESOLVED,UNRESOLVED,UNRESOLVED,UNRESOLVED,UNRESOLVED,SEMANTIC,REVIEW_EXISTING_FL_POLICY,UNRESOLVED,SEMANTIC,REVIEW_EXISTING_LINEAGE,RESEARCH_ONLY,0,file_count=2; sample=-1.485721492366648
FOOTBALL_LAB,data/analysis/football_lab_parameter_registry_semantic_v01.csv,META,IDENTITY,side,UNRESOLVED,UNRESOLVED,UNRESOLVED,UNRESOLVED,UNRESOLVED,IDENTITY,REVIEW_EXISTING_FL_POLICY,UNRESOLVED,IDENTITY,REVIEW_EXISTING_LINEAGE,RESEARCH_ONLY,0,file_count=21; sample=home
FOOTBALL_LAB,data/analysis/football_lab_parameter_registry_semantic_v01.csv,UNCLASSIFIED,REVIEW,side_mapping_method,UNRESOLVED,UNRESOLVED,UNRESOLVED,UNRESOLVED,UNRESOLVED,DATA_QUALITY_CONTROL,DATA_QUALITY,UNRESOLVED,RECOVERED_EXISTING_SEMANTIC,REVIEW_EXISTING_LINEAGE,RESEARCH_ONLY,0,file_count=3; sample=DOM_ORDER_AFTER_HOME_AWAY_TBLCOMPARE
FOOTBALL_LAB,data/analysis/football_lab_parameter_registry_semantic_v01.csv,UNCLASSIFIED,REVIEW,slug,UNRESOLVED,UNRESOLVED,UNRESOLVED,UNRESOLVED,UNRESOLVED,IDENTITY_MAPPING,IDENTITY,UNRESOLVED,RECOVERED_EXISTING_SEMANTIC,REVIEW_EXISTING_LINEAGE,RESEARCH_ONLY,0,file_count=1; sample=mcd
FOOTBALL_LAB,data/analysis/football_lab_parameter_registry_semantic_v01.csv,META,PROVENANCE,source,UNRESOLVED,UNRESOLVED,UNRESOLVED,UNRESOLVED,UNRESOLVED,PROVENANCE,REVIEW_EXISTING_FL_POLICY,UNRESOLVED,PROVENANCE,REVIEW_EXISTING_LINEAGE,RESEARCH_ONLY,0,file_count=6; sample=Football LAB
FOOTBALL_LAB,data/analysis/football_lab_parameter_registry_semantic_v01.csv,META,PROVENANCE,source_pdf,UNRESOLVED,UNRESOLVED,UNRESOLVED,UNRESOLVED,UNRESOLVED,PROVENANCE,REVIEW_EXISTING_FL_POLICY,UNRESOLVED,PROVENANCE,REVIEW_EXISTING_LINEAGE,RESEARCH_ONLY,0,file_count=1; sample=1＿.pdf
FOOTBALL_LAB,data/analysis/football_lab_parameter_registry_semantic_v01.csv,META,PROVENANCE,source_snapshot,UNRESOLVED,UNRESOLVED,UNRESOLVED,UNRESOLVED,UNRESOLVED,PROVENANCE,REVIEW_EXISTING_FL_POLICY,UNRESOLVED,PROVENANCE,REVIEW_EXISTING_LINEAGE,RESEARCH_ONLY,0,file_count=8; sample=toto1654_previews_20260918_004807_v01
FOOTBALL_LAB,data/analysis/football_lab_parameter_registry_semantic_v01.csv,META,PROVENANCE,source_url,UNRESOLVED,UNRESOLVED,UNRESOLVED,UNRESOLVED,UNRESOLVED,PROVENANCE,REVIEW_EXISTING_FL_POLICY,UNRESOLVED,PROVENANCE,REVIEW_EXISTING_LINEAGE,RESEARCH_ONLY,0,file_count=6; sample=https://www.football-lab.jp/fuku/preview
FOOTBALL_LAB,data/analysis/football_lab_parameter_registry_semantic_v01.csv,META,PROVENANCE,status,UNRESOLVED,UNRESOLVED,UNRESOLVED,UNRESOLVED,UNRESOLVED,PROVENANCE,REVIEW_EXISTING_FL_POLICY,UNRESOLVED,PROVENANCE,REVIEW_EXISTING_LINEAGE,RESEARCH_ONLY,0,file_count=1; sample=RESOLVED
FOOTBALL_LAB,data/analysis/football_lab_parameter_registry_semantic_v01.csv,META,PROVENANCE,strength_status,UNRESOLVED,UNRESOLVED,UNRESOLVED,UNRESOLVED,UNRESOLVED,PROVENANCE,REVIEW_EXISTING_FL_POLICY,UNRESOLVED,PROVENANCE,REVIEW_EXISTING_LINEAGE,RESEARCH_ONLY,0,file_count=7; sample=nan
FOOTBALL_LAB,data/analysis/football_lab_parameter_registry_semantic_v01.csv,UNCLASSIFIED,REVIEW,style,UNRESOLVED,UNRESOLVED,UNRESOLVED,UNRESOLVED,UNRESOLVED,META_PROVENANCE,PROVENANCE_META,UNRESOLVED,RECOVERED_EXISTING_SEMANTIC,REVIEW_EXISTING_LINEAGE,RESEARCH_ONLY,0,file_count=1; sample=nan
FOOTBALL_LAB,data/analysis/football_lab_parameter_registry_semantic_v01.csv,FL_DERIVED,AVAILABILITY_CONTEXT,suspension_mentions,UNRESOLVED,UNRESOLVED,UNRESOLVED,UNRESOLVED,UNRESOLVED,AVAILABILITY_CONTEXT,REVIEW_EXISTING_FL_POLICY,UNRESOLVED,AVAILABILITY_CONTEXT,REVIEW_EXISTING_LINEAGE,RESEARCH_ONLY,0,file_count=3; sample=2
FOOTBALL_LAB,data/analysis/football_lab_parameter_registry_semantic_v01.csv,FL_DERIVED,AVAILABILITY_CONTEXT,suspension_rows,UNRESOLVED,UNRESOLVED,UNRESOLVED,UNRESOLVED,UNRESOLVED,AVAILABILITY_CONTEXT,REVIEW_EXISTING_FL_POLICY,UNRESOLVED,AVAILABILITY_CONTEXT,REVIEW_EXISTING_LINEAGE,RESEARCH_ONLY,0,file_count=2; sample=0
FOOTBALL_LAB,data/analysis/football_lab_parameter_registry_semantic_v01.csv,UNCLASSIFIED,REVIEW,table_no,UNRESOLVED,UNRESOLVED,UNRESOLVED,UNRESOLVED,UNRESOLVED,META_PROVENANCE,PROVENANCE_META,UNRESOLVED,RECOVERED_EXISTING_SEMANTIC,REVIEW_EXISTING_LINEAGE,RESEARCH_ONLY,0,file_count=4; sample=1
FOOTBALL_LAB,data/analysis/football_lab_parameter_registry_semantic_v01.csv,UNCLASSIFIED,REVIEW,tables,UNRESOLVED,UNRESOLVED,UNRESOLVED,UNRESOLVED,UNRESOLVED,META_PROVENANCE,PROVENANCE_META,UNRESOLVED,RECOVERED_EXISTING_SEMANTIC,REVIEW_EXISTING_LINEAGE,RESEARCH_ONLY,0,file_count=1; sample=5
FOOTBALL_LAB,data/analysis/football_lab_parameter_registry_semantic_v01.csv,META,IDENTITY,team,UNRESOLVED,UNRESOLVED,UNRESOLVED,UNRESOLVED,UNRESOLVED,IDENTITY,REVIEW_EXISTING_FL_POLICY,UNRESOLVED,IDENTITY,REVIEW_EXISTING_LINEAGE,RESEARCH_ONLY,0,file_count=10; sample=福岡
FOOTBALL_LAB,data/analysis/football_lab_parameter_registry_semantic_v01.csv,FL_RAW,TEAM_CONTEXT,team_display,UNRESOLVED,UNRESOLVED,UNRESOLVED,UNRESOLVED,UNRESOLVED,TEAM_CONTEXT,REVIEW_EXISTING_FL_POLICY,UNRESOLVED,TEAM_CONTEXT,REVIEW_EXISTING_LINEAGE,RESEARCH_ONLY,0,file_count=2; sample=ＦＣ町田ゼルビア 町田
FOOTBALL_LAB,data/analysis/football_lab_parameter_registry_semantic_v01.csv,UNCLASSIFIED,REVIEW,team_id,UNRESOLVED,UNRESOLVED,UNRESOLVED,UNRESOLVED,UNRESOLVED,IDENTITY_MAPPING,IDENTITY,UNRESOLVED,RECOVERED_EXISTING_SEMANTIC,REVIEW_EXISTING_LINEAGE,RESEARCH_ONLY,0,file_count=6; sample=135
FOOTBALL_LAB,data/analysis/football_lab_parameter_registry_semantic_v01.csv,UNCLASSIFIED,REVIEW,team_name,UNRESOLVED,UNRESOLVED,UNRESOLVED,UNRESOLVED,UNRESOLVED,IDENTITY_MAPPING,IDENTITY,UNRESOLVED,RECOVERED_EXISTING_SEMANTIC,REVIEW_EXISTING_LINEAGE,RESEARCH_ONLY,0,file_count=8; sample=福岡
FOOTBALL_LAB,data/analysis/football_lab_parameter_registry_semantic_v01.csv,FL_RAW,TEAM_CONTEXT,team_short,UNRESOLVED,UNRESOLVED,UNRESOLVED,UNRESOLVED,UNRESOLVED,TEAM_CONTEXT,REVIEW_EXISTING_FL_POLICY,UNRESOLVED,TEAM_CONTEXT,REVIEW_EXISTING_LINEAGE,RESEARCH_ONLY,0,file_count=2; sample=町田
FOOTBALL_LAB,data/analysis/football_lab_parameter_registry_semantic_v01.csv,UNCLASSIFIED,REVIEW,text,UNRESOLVED,UNRESOLVED,UNRESOLVED,UNRESOLVED,UNRESOLVED,META_PROVENANCE,PROVENANCE_META,UNRESOLVED,RECOVERED_EXISTING_SEMANTIC,REVIEW_EXISTING_LINEAGE,RESEARCH_ONLY,0,file_count=1; sample=18 位
FOOTBALL_LAB,data/analysis/football_lab_parameter_registry_semantic_v01.csv,UNCLASSIFIED,REVIEW,title,UNRESOLVED,UNRESOLVED,UNRESOLVED,UNRESOLVED,UNRESOLVED,META_PROVENANCE,PROVENANCE_META,UNRESOLVED,RECOVERED_EXISTING_SEMANTIC,REVIEW_EXISTING_LINEAGE,RESEARCH_ONLY,0,file_count=1; sample=リーグサマリー：2026/27 J1 チャンスビルディングポイント 攻撃ポイント ランキング | データによってサッカーはもっと輝く | Football LAB
FOOTBALL_LAB,data/analysis/football_lab_parameter_registry_semantic_v01.csv,UNCLASSIFIED,REVIEW,update_text,UNRESOLVED,UNRESOLVED,UNRESOLVED,UNRESOLVED,UNRESOLVED,META_PROVENANCE,PROVENANCE_META,UNRESOLVED,RECOVERED_EXISTING_SEMANTIC,REVIEW_EXISTING_LINEAGE,RESEARCH_ONLY,0,file_count=1; sample=2026.9.7  update
FOOTBALL_LAB,data/analysis/football_lab_parameter_registry_semantic_v01.csv,META,PROVENANCE,url,UNRESOLVED,UNRESOLVED,UNRESOLVED,UNRESOLVED,UNRESOLVED,PROVENANCE,REVIEW_EXISTING_FL_POLICY,UNRESOLVED,PROVENANCE,REVIEW_EXISTING_LINEAGE,RESEARCH_ONLY,0,file_count=2; sample=https://www.football-lab.jp/mcd
FOOTBALL_LAB,data/analysis/football_lab_parameter_registry_semantic_v01.csv,UNCLASSIFIED,REVIEW,v01,UNRESOLVED,UNRESOLVED,UNRESOLVED,UNRESOLVED,UNRESOLVED,META_PROVENANCE,PROVENANCE_META,UNRESOLVED,RECOVERED_EXISTING_SEMANTIC,REVIEW_EXISTING_LINEAGE,RESEARCH_ONLY,0,file_count=1; sample=toto1654_previews_20260918_004807_v01
FOOTBALL_LAB,data/analysis/football_lab_parameter_registry_semantic_v01.csv,UNCLASSIFIED,REVIEW,v02,UNRESOLVED,UNRESOLVED,UNRESOLVED,UNRESOLVED,UNRESOLVED,META_PROVENANCE,PROVENANCE_META,UNRESOLVED,RECOVERED_EXISTING_SEMANTIC,REVIEW_EXISTING_LINEAGE,RESEARCH_ONLY,0,file_count=1; sample=toto1654_previews_20260918_014029_v01
FOOTBALL_LAB,data/analysis/football_lab_parameter_registry_semantic_v01.csv,FL_DERIVED,HOTZONE,width_band_0_mean,UNRESOLVED,UNRESOLVED,UNRESOLVED,UNRESOLVED,UNRESOLVED,HOTZONE,REVIEW_EXISTING_FL_POLICY,UNRESOLVED,HOTZONE,REVIEW_EXISTING_LINEAGE,RESEARCH_ONLY,0,file_count=1; sample=0.37169312169312163
FOOTBALL_LAB,data/analysis/football_lab_parameter_registry_semantic_v01.csv,FL_DERIVED,HOTZONE,width_band_1_mean,UNRESOLVED,UNRESOLVED,UNRESOLVED,UNRESOLVED,UNRESOLVED,HOTZONE,REVIEW_EXISTING_FL_POLICY,UNRESOLVED,HOTZONE,REVIEW_EXISTING_LINEAGE,RESEARCH_ONLY,0,file_count=1; sample=0.44312169312169314
FOOTBALL_LAB,data/analysis/football_lab_parameter_registry_semantic_v01.csv,FL_DERIVED,HOTZONE,width_band_2_mean,UNRESOLVED,UNRESOLVED,UNRESOLVED,UNRESOLVED,UNRESOLVED,HOTZONE,REVIEW_EXISTING_FL_POLICY,UNRESOLVED,HOTZONE,REVIEW_EXISTING_LINEAGE,RESEARCH_ONLY,0,file_count=1; sample=0.43386243386243384
FOOTBALL_LAB,data/analysis/football_lab_parameter_registry_semantic_v01.csv,FL_DERIVED,HOTZONE,width_band_sym,UNRESOLVED,UNRESOLVED,UNRESOLVED,UNRESOLVED,UNRESOLVED,HOTZONE,REVIEW_EXISTING_FL_POLICY,UNRESOLVED,HOTZONE,REVIEW_EXISTING_LINEAGE,RESEARCH_ONLY,0,file_count=1; sample=0
FOOTBALL_LAB,data/analysis/football_lab_parameter_registry_semantic_v01.csv,FL_DERIVED,SEMANTIC,width_carry_internal_split,UNRESOLVED,UNRESOLVED,UNRESOLVED,UNRESOLVED,UNRESOLVED,SEMANTIC,REVIEW_EXISTING_FL_POLICY,UNRESOLVED,SEMANTIC,REVIEW_EXISTING_LINEAGE,RESEARCH_ONLY,0,file_count=2; sample=0
FOOTBALL_LAB,data/analysis/football_lab_parameter_registry_semantic_v01.csv,FL_DERIVED,SEMANTIC,width_carry_z_diff_home,UNRESOLVED,UNRESOLVED,UNRESOLVED,UNRESOLVED,UNRESOLVED,SEMANTIC,REVIEW_EXISTING_FL_POLICY,UNRESOLVED,SEMANTIC,REVIEW_EXISTING_LINEAGE,RESEARCH_ONLY,0,file_count=2; sample=-1.7774995168818761
FOOTBALL_LAB,data/analysis/football_lab_parameter_registry_semantic_v01.csv,UNCLASSIFIED,REVIEW,x_expr,UNRESOLVED,UNRESOLVED,UNRESOLVED,UNRESOLVED,UNRESOLVED,META_PROVENANCE,PROVENANCE_META,UNRESOLVED,RECOVERED_EXISTING_SEMANTIC,REVIEW_EXISTING_LINEAGE,RESEARCH_ONLY,0,file_count=6; sample=sz/10*5
FOOTBALL_LAB,data/analysis/football_lab_parameter_registry_semantic_v01.csv,UNCLASSIFIED,REVIEW,y,UNRESOLVED,UNRESOLVED,UNRESOLVED,UNRESOLVED,UNRESOLVED,META_PROVENANCE,PROVENANCE_META,UNRESOLVED,RECOVERED_EXISTING_SEMANTIC,REVIEW_EXISTING_LINEAGE,RESEARCH_ONLY,0,file_count=6; sample=60
FOOTBALL_LAB,data/analysis/football_lab_parameter_registry_semantic_v01.csv,META,IDENTITY,year,UNRESOLVED,UNRESOLVED,UNRESOLVED,UNRESOLVED,UNRESOLVED,IDENTITY,REVIEW_EXISTING_FL_POLICY,UNRESOLVED,IDENTITY,REVIEW_EXISTING_LINEAGE,RESEARCH_ONLY,0,file_count=1; sample=2026
TOTOONE,data/players/totoone_toto1658_predicted_lineups_20261003_143454_v1.csv,PREDICTED_LINEUP,XI_OR_AVAILABILITY,toto_round,MATCH_TEAM_PLAYER,PRE_MATCH_SNAPSHOT,CURRENT_ROUND,TEXT_OR_FLAG,OBSERVED_PREDICTION_OR_CONTEXT,IDENTITY_PROVENANCE,IDENTITY,INDIRECT_CONTEXT_ONLY,KNOWN_SCHEMA,XI_TRANSPORT_UNCALIBRATED,RESEARCH_ONLY,0,Predicted XI is not confirmed XI and not an independent 1X2 vote.
TOTOONE,data/players/totoone_toto1658_predicted_lineups_20261003_143454_v1.csv,PREDICTED_LINEUP,XI_OR_AVAILABILITY,match_no,MATCH_TEAM_PLAYER,PRE_MATCH_SNAPSHOT,CURRENT_ROUND,TEXT_OR_FLAG,OBSERVED_PREDICTION_OR_CONTEXT,IDENTITY_PROVENANCE,IDENTITY,INDIRECT_CONTEXT_ONLY,KNOWN_SCHEMA,XI_TRANSPORT_UNCALIBRATED,RESEARCH_ONLY,0,Predicted XI is not confirmed XI and not an independent 1X2 vote.
TOTOONE,data/players/totoone_toto1658_predicted_lineups_20261003_143454_v1.csv,PREDICTED_LINEUP,XI_OR_AVAILABILITY,totoone_match_id,MATCH_TEAM_PLAYER,PRE_MATCH_SNAPSHOT,CURRENT_ROUND,TEXT_OR_FLAG,OBSERVED_PREDICTION_OR_CONTEXT,IDENTITY_PROVENANCE,IDENTITY,INDIRECT_CONTEXT_ONLY,KNOWN_SCHEMA,XI_TRANSPORT_UNCALIBRATED,RESEARCH_ONLY,0,Predicted XI is not confirmed XI and not an independent 1X2 vote.
TOTOONE,data/players/totoone_toto1658_predicted_lineups_20261003_143454_v1.csv,PREDICTED_LINEUP,XI_OR_AVAILABILITY,kickoff,MATCH_TEAM_PLAYER,PRE_MATCH_SNAPSHOT,CURRENT_ROUND,TEXT_OR_FLAG,OBSERVED_PREDICTION_OR_CONTEXT,IDENTITY_PROVENANCE,IDENTITY,INDIRECT_CONTEXT_ONLY,KNOWN_SCHEMA,XI_TRANSPORT_UNCALIBRATED,RESEARCH_ONLY,0,Predicted XI is not confirmed XI and not an independent 1X2 vote.
TOTOONE,data/players/totoone_toto1658_predicted_lineups_20261003_143454_v1.csv,PREDICTED_LINEUP,XI_OR_AVAILABILITY,section_text,MATCH_TEAM_PLAYER,PRE_MATCH_SNAPSHOT,CURRENT_ROUND,TEXT_OR_FLAG,OBSERVED_PREDICTION_OR_CONTEXT,IDENTITY_PROVENANCE,IDENTITY,INDIRECT_CONTEXT_ONLY,KNOWN_SCHEMA,XI_TRANSPORT_UNCALIBRATED,RESEARCH_ONLY,0,Predicted XI is not confirmed XI and not an independent 1X2 vote.
TOTOONE,data/players/totoone_toto1658_predicted_lineups_20261003_143454_v1.csv,PREDICTED_LINEUP,XI_OR_AVAILABILITY,home,MATCH_TEAM_PLAYER,PRE_MATCH_SNAPSHOT,CURRENT_ROUND,TEXT_OR_FLAG,OBSERVED_PREDICTION_OR_CONTEXT,IDENTITY_PROVENANCE,IDENTITY,INDIRECT_CONTEXT_ONLY,KNOWN_SCHEMA,XI_TRANSPORT_UNCALIBRATED,RESEARCH_ONLY,0,Predicted XI is not confirmed XI and not an independent 1X2 vote.
TOTOONE,data/players/totoone_toto1658_predicted_lineups_20261003_143454_v1.csv,PREDICTED_LINEUP,XI_OR_AVAILABILITY,away,MATCH_TEAM_PLAYER,PRE_MATCH_SNAPSHOT,CURRENT_ROUND,TEXT_OR_FLAG,OBSERVED_PREDICTION_OR_CONTEXT,IDENTITY_PROVENANCE,IDENTITY,INDIRECT_CONTEXT_ONLY,KNOWN_SCHEMA,XI_TRANSPORT_UNCALIBRATED,RESEARCH_ONLY,0,Predicted XI is not confirmed XI and not an independent 1X2 vote.
TOTOONE,data/players/totoone_toto1658_predicted_lineups_20261003_143454_v1.csv,PREDICTED_LINEUP,XI_OR_AVAILABILITY,side,MATCH_TEAM_PLAYER,PRE_MATCH_SNAPSHOT,CURRENT_ROUND,TEXT_OR_FLAG,OBSERVED_PREDICTION_OR_CONTEXT,IDENTITY_PROVENANCE,IDENTITY,INDIRECT_CONTEXT_ONLY,KNOWN_SCHEMA,XI_TRANSPORT_UNCALIBRATED,RESEARCH_ONLY,0,Predicted XI is not confirmed XI and not an independent 1X2 vote.
TOTOONE,data/players/totoone_toto1658_predicted_lineups_20261003_143454_v1.csv,PREDICTED_LINEUP,XI_OR_AVAILABILITY,team,MATCH_TEAM_PLAYER,PRE_MATCH_SNAPSHOT,CURRENT_ROUND,TEXT_OR_FLAG,OBSERVED_PREDICTION_OR_CONTEXT,IDENTITY_PROVENANCE,IDENTITY,INDIRECT_CONTEXT_ONLY,KNOWN_SCHEMA,XI_TRANSPORT_UNCALIBRATED,RESEARCH_ONLY,0,Predicted XI is not confirmed XI and not an independent 1X2 vote.
TOTOONE,data/players/totoone_toto1658_predicted_lineups_20261003_143454_v1.csv,PREDICTED_LINEUP,XI_OR_AVAILABILITY,formation,MATCH_TEAM_PLAYER,PRE_MATCH_SNAPSHOT,CURRENT_ROUND,TEXT_OR_FLAG,OBSERVED_PREDICTION_OR_CONTEXT,PLAYER_XI,XI_SELECTION,INDIRECT_CONTEXT_ONLY,KNOWN_SCHEMA,XI_TRANSPORT_UNCALIBRATED,RESEARCH_ONLY,0,Predicted XI is not confirmed XI and not an independent 1X2 vote.
TOTOONE,data/players/totoone_toto1658_predicted_lineups_20261003_143454_v1.csv,PREDICTED_LINEUP,XI_OR_AVAILABILITY,lineup_order,MATCH_TEAM_PLAYER,PRE_MATCH_SNAPSHOT,CURRENT_ROUND,TEXT_OR_FLAG,OBSERVED_PREDICTION_OR_CONTEXT,IDENTITY_PROVENANCE,IDENTITY,INDIRECT_CONTEXT_ONLY,KNOWN_SCHEMA,XI_TRANSPORT_UNCALIBRATED,RESEARCH_ONLY,0,Predicted XI is not confirmed XI and not an independent 1X2 vote.
TOTOONE,data/players/totoone_toto1658_predicted_lineups_20261003_143454_v1.csv,PREDICTED_LINEUP,XI_OR_AVAILABILITY,shirt_number,MATCH_TEAM_PLAYER,PRE_MATCH_SNAPSHOT,CURRENT_ROUND,TEXT_OR_FLAG,OBSERVED_PREDICTION_OR_CONTEXT,IDENTITY_PROVENANCE,IDENTITY,INDIRECT_CONTEXT_ONLY,KNOWN_SCHEMA,XI_TRANSPORT_UNCALIBRATED,RESEARCH_ONLY,0,Predicted XI is not confirmed XI and not an independent 1X2 vote.
TOTOONE,data/players/totoone_toto1658_predicted_lineups_20261003_143454_v1.csv,PREDICTED_LINEUP,XI_OR_AVAILABILITY,player_name,MATCH_TEAM_PLAYER,PRE_MATCH_SNAPSHOT,CURRENT_ROUND,TEXT_OR_FLAG,OBSERVED_PREDICTION_OR_CONTEXT,IDENTITY_PROVENANCE,IDENTITY,INDIRECT_CONTEXT_ONLY,KNOWN_SCHEMA,XI_TRANSPORT_UNCALIBRATED,RESEARCH_ONLY,0,Predicted XI is not confirmed XI and not an independent 1X2 vote.
TOTOONE,data/players/totoone_toto1658_predicted_lineups_20261003_143454_v1.csv,PREDICTED_LINEUP,XI_OR_AVAILABILITY,normalized_name,MATCH_TEAM_PLAYER,PRE_MATCH_SNAPSHOT,CURRENT_ROUND,TEXT_OR_FLAG,OBSERVED_PREDICTION_OR_CONTEXT,IDENTITY_PROVENANCE,IDENTITY,INDIRECT_CONTEXT_ONLY,KNOWN_SCHEMA,XI_TRANSPORT_UNCALIBRATED,RESEARCH_ONLY,0,Predicted XI is not confirmed XI and not an independent 1X2 vote.
TOTOONE,data/players/totoone_toto1658_predicted_lineups_20261003_143454_v1.csv,PREDICTED_LINEUP,XI_OR_AVAILABILITY,is_starter,MATCH_TEAM_PLAYER,PRE_MATCH_SNAPSHOT,CURRENT_ROUND,TEXT_OR_FLAG,OBSERVED_PREDICTION_OR_CONTEXT,PLAYER_XI,XI_SELECTION,INDIRECT_CONTEXT_ONLY,KNOWN_SCHEMA,XI_TRANSPORT_UNCALIBRATED,RESEARCH_ONLY,0,Predicted XI is not confirmed XI and not an independent 1X2 vote.
TOTOONE,data/players/totoone_toto1658_predicted_lineups_20261003_143454_v1.csv,PREDICTED_LINEUP,XI_OR_AVAILABILITY,lineup_status,MATCH_TEAM_PLAYER,PRE_MATCH_SNAPSHOT,CURRENT_ROUND,TEXT_OR_FLAG,OBSERVED_PREDICTION_OR_CONTEXT,PLAYER_XI,XI_SELECTION,INDIRECT_CONTEXT_ONLY,KNOWN_SCHEMA,XI_TRANSPORT_UNCALIBRATED,RESEARCH_ONLY,0,Predicted XI is not confirmed XI and not an independent 1X2 vote.
TOTOONE,data/players/totoone_toto1658_predicted_lineups_20261003_143454_v1.csv,PREDICTED_LINEUP,XI_OR_AVAILABILITY,player_difficult,MATCH_TEAM_PLAYER,PRE_MATCH_SNAPSHOT,CURRENT_ROUND,TEXT_OR_FLAG,OBSERVED_PREDICTION_OR_CONTEXT,AVAILABILITY_CONTEXT,PLAYER_AVAILABILITY,INDIRECT_CONTEXT_ONLY,KNOWN_SCHEMA,XI_TRANSPORT_UNCALIBRATED,RESEARCH_ONLY,0,Predicted XI is not confirmed XI and not an independent 1X2 vote.
TOTOONE,data/players/totoone_toto1658_predicted_lineups_20261003_143454_v1.csv,PREDICTED_LINEUP,XI_OR_AVAILABILITY,player_miss,MATCH_TEAM_PLAYER,PRE_MATCH_SNAPSHOT,CURRENT_ROUND,TEXT_OR_FLAG,OBSERVED_PREDICTION_OR_CONTEXT,AVAILABILITY_CONTEXT,PLAYER_AVAILABILITY,INDIRECT_CONTEXT_ONLY,KNOWN_SCHEMA,XI_TRANSPORT_UNCALIBRATED,RESEARCH_ONLY,0,Predicted XI is not confirmed XI and not an independent 1X2 vote.
TOTOONE,data/players/totoone_toto1658_predicted_lineups_20261003_143454_v1.csv,PREDICTED_LINEUP,XI_OR_AVAILABILITY,player_suspended,MATCH_TEAM_PLAYER,PRE_MATCH_SNAPSHOT,CURRENT_ROUND,TEXT_OR_FLAG,OBSERVED_PREDICTION_OR_CONTEXT,AVAILABILITY_CONTEXT,PLAYER_AVAILABILITY,INDIRECT_CONTEXT_ONLY,KNOWN_SCHEMA,XI_TRANSPORT_UNCALIBRATED,RESEARCH_ONLY,0,Predicted XI is not confirmed XI and not an independent 1X2 vote.
TOTOONE,data/players/totoone_toto1658_predicted_lineups_20261003_143454_v1.csv,PREDICTED_LINEUP,XI_OR_AVAILABILITY,collected_at,MATCH_TEAM_PLAYER,PRE_MATCH_SNAPSHOT,CURRENT_ROUND,TEXT_OR_FLAG,OBSERVED_PREDICTION_OR_CONTEXT,IDENTITY_PROVENANCE,IDENTITY,INDIRECT_CONTEXT_ONLY,KNOWN_SCHEMA,XI_TRANSPORT_UNCALIBRATED,RESEARCH_ONLY,0,Predicted XI is not confirmed XI and not an independent 1X2 vote.
